merchant_id,merchant_name,city
MER008Y63JK0BUX,Gregory-Meyer,Port Cindy
MER00BRU6D2NHTI,"Randall, Gibbs and Dennis",Davidmouth
MER00C6HH0ULQQD,Clayton Inc,Port Kevinbury
MER00CEA2H7VS72,"Baker, Michael and Burns",West Tyler
MER00GJVJ7OGPL9,Owens Group,South Markport
MER00ZSKSIQGDGO,Chung-Robinson,West Shari
MER01CHVDX69Q9F,"Anderson, Aguilar and Gross",West Lisa
MER01WO0EAQ1Z1R,"Logan, Adams and Velasquez",Clarkport
MER01YB4O1O69OX,Sawyer-Moore,New Aimeeside
MER02B02O75ZP33,"Perkins, Johnson and Johnson",Samanthaborough
MER02P468AKMNEI,Acosta PLC,Moniquechester
MER032ESQU08EAV,"Bolton, Lopez and Hernandez",Walterton
MER03IIY4G7XBUW,Thompson-Hernandez,Robinshire
MER03IWJAS3EUFR,"Hensley, Frazier and Fisher",Grimesmouth
MER03XWBF123PGD,Maldonado-Delgado,New Mackenzie
MER04SBY6UWZM55,Berg-Bennett,Rodriguezfort
MER051O4AL6L6OT,Pineda Ltd,Hendersonton
MER05865WI41EG5,Freeman-Ramos,Danielside
MER05A6VRALXXPF,"Le, Mullins and Perkins",New Kellyborough
MER05G0PF428743,Williams-Phillips,North Natalieview
MER05JQVP402SLL,Harris LLC,Ryanport
MER05K5FZN2L8N1,Mills Inc,Debbiemouth
MER05PG35EJHVSE,Hood-Gutierrez,Sarafort
MER066EAWSALQ44,Roy Inc,New Sharon
MER06HA349DLDB7,Foster Group,Kennedyport
MER06KKA5SJGT8Y,Petersen and Sons,Valeriehaven
MER06QV7YNMZDL8,Franklin-Martinez,Caitlinview
MER06WGQ9PNY269,"Warner, Parsons and Lopez",Markberg
MER06WXG867KU41,Lane PLC,Mcdonaldchester
MER06YMPLZWU35D,Robinson-Gordon,West Teresa
MER06YSKVCO19E6,Melendez and Sons,New Gina
MER075IH6H26MP1,"Perry, Miranda and Huerta",Port Mary
MER078PICMH29SW,Hunt Group,East Kylie
MER07BXYAL4N8RN,Donaldson and Sons,North Patriciaberg
MER07TIF87663GD,Beck-Johnson,Christopherbury
MER08CMTVM2AZ4S,"Daniels, Brock and Hernandez",Mendozaville
MER08KR38MF0ADG,Jackson-Ritter,Kellychester
MER08TPFRX63QEF,Gutierrez PLC,Port Kimberlyhaven
MER08TPM7Q5PZQA,"Rich, Huber and Ferguson",South Sarahland
MER09C1MDVC2U3D,Boyd Group,Clarkborough
MER09VUBZ136HL1,Butler-Lopez,Mitchellhaven
MER0A20MKVT9KWR,Galvan-Moon,Jacquelinestad
MER0AAVYXNXGE2L,Alvarado Group,West Chrismouth
MER0AIPHN81BKH0,"Wyatt, Cooper and Horton",Tammyville
MER0AM57G4D0BRZ,"Herrera, Rose and Walker",Port Jessicaside
MER0ANF0GZA5818,"Watson, Welch and Greene",New Elaineburgh
MER0AS8TEHB612A,Young-Davis,Perezfort
MER0AZZYYVESJQW,Thomas-Mccoy,Port Sharonfort
MER0B401TF3IS2R,"Ward, Cannon and Schultz",East Michaelmouth
MER0B4YFD9GAQ1I,Hunter PLC,Burkehaven
MER0BEPQFMRGHRU,"Martin, Allen and Munoz",Amandaberg
MER0BLXAKRZE2T5,Jackson Inc,New Jerryside
MER0BPRKV29GBJ8,Martin Ltd,Brittanystad
MER0BPWQEJ4P1IB,Sims-Smith,Port Kevin
MER0BQCIMCP32GN,Deleon PLC,Kathleenbury
MER0C7ZP8QX7RLA,Cummings Ltd,Brownborough
MER0C86MFGOVG48,Martinez Inc,North Nicholas
MER0DRJMBOV779B,Andrews-Thomas,Port Joy
MER0DTCD2PXWEAE,"Anderson, Mcdonald and Hull",East Kellyburgh
MER0E076WEK19UZ,"Aguilar, Bailey and Scott",Longshire
MER0E4ZTFHNGTDS,"Gardner, Hicks and Welch",Toddshire
MER0E9XSYIVMU2U,May PLC,Jerryview
MER0ESBZSIS5H5R,"Vance, Williams and Thornton",Erinview
MER0EU6VILYHPXO,"Anderson, Garrett and Mullen",Davidhaven
MER0FPEPLL94JGB,"Burton, Stevens and Newton",Crosbyborough
MER0G0WX9EEPZZ5,"Johnson, Shields and Jones",East Kaylaside
MER0GAANMAWN8JF,"King, Robbins and Williams",South Rhonda
MER0GCJS58X14U8,Gomez-Carrillo,Josephbury
MER0H3DDTM5DTSA,Butler Ltd,Riosfort
MER0HUUWOM933R3,Austin Ltd,Greerberg
MER0HVCB8M17KVP,"Carson, Howard and Oneal",West Kevin
MER0I72MWH2GIC2,Ramirez PLC,Lake Lisaport
MER0I74UCUGAHW8,Scott Group,Vincentburgh
MER0IAWWCQX46YW,"Burgess, Snyder and Moore",Cindyshire
MER0IBBMMPIW855,Johnson Group,Weissberg
MER0IQDNQHKE1NL,"Perkins, Baird and Walters",Mejialand
MER0J5RF6IH2YZI,"Arroyo, Francis and Gonzalez",Jacksonborough
MER0JHV3PAN0PKH,"Alvarez, Perry and Cole",New Donaldburgh
MER0JZIAJ8YJADZ,Evans Ltd,West Juanfurt
MER0K0U90SEJ8BM,Garcia Ltd,Lake Brittanyland
MER0K3B1L6FTVY9,"Munoz, Kelley and Campbell",East Matthewchester
MER0K5QC8P9DZN2,"Espinoza, Garcia and Williams",Lake Jessica
MER0KC6UDG55L74,Taylor and Sons,Billyburgh
MER0KCDMUZ4L7GT,"Johnson, Ryan and Downs",North Kristina
MER0KK1CFQAYFMK,"Bailey, Snyder and Donovan",New Matthew
MER0KNBUNYX0N5V,Perez-Arellano,New Vickichester
MER0KQCDILQTA8K,Johnson Group,Cummingsfort
MER0LHUAYT9R3ZP,Lopez Group,Lake Dylan
MER0LZJQNFWUMZY,"Singh, Wade and Williams",Carsonmouth
MER0M9MEGDY768B,Thomas-Washington,Hamiltonburgh
MER0ME8YKGU4Y7E,Wagner Inc,South Morgan
MER0MKOEVQRT9RJ,May-Meza,Lake Christopherhaven
MER0MWGZY97FDW9,Alvarado-Malone,Lake Victoriatown
MER0MWH2OXAQIYC,"Perkins, Hardy and Perez",Bensonland
MER0MWVHP2BOC3S,Martinez-Hicks,Lake Julieborough
MER0N1KEQ98MEY8,"Dunn, Rodriguez and Swanson",Robinsonfort
MER0NJYMJWE0SIG,Townsend-Jackson,Delgadoville
MER0NTXUZNA33EV,Reilly Group,Hubbardport
MER0OGDLT6J3TZ0,"Ritter, Williams and Rhodes",South Carrie
MER0OJHTNR99IOO,"Martinez, Garcia and Hebert",Hendersonland
MER0OMAAKA8BZK1,Moore-Hodges,Kimberlyfort
MER0P7433P2PGSL,Ross Group,Lake Richard
MER0P9MTDFMMTBC,Nichols-Mason,North Devin
MER0PK898HUHP7N,"Burke, Sanders and Park",Port Ian
MER0Q7WN6GCYJEA,"Gilbert, Moon and Harris",Port Isaiahhaven
MER0Q8FHI1U3LIT,Wilson Ltd,Cindybury
MER0QFS0Y3XOLPI,Thompson Group,North Andrewburgh
MER0QMQ5CZHCNG8,Moore Group,Bennetthaven
MER0QNI705C17L3,Green-Hansen,Samanthaborough
MER0R8OYJ58MF1I,Mckenzie-Lam,Everettfort
MER0RBGJXKA31WA,Steele and Sons,Clarkville
MER0RBROO43J7EK,"Martin, Erickson and Rice",Lake Christopher
MER0RKXHRU9CUBV,Gutierrez LLC,Byrdville
MER0RP5JRM0CAZG,"Lozano, Johnson and White",West Jacobbury
MER0SAOFHC2E82S,Bailey Inc,Jamesmouth
MER0SF1P4JFUD0Q,"Patterson, Meyer and Freeman",Matthewchester
MER0SSOLQ6N9TT8,"Haynes, Marshall and Russell",Matthewmouth
MER0T1BNA8HUYKK,Webb-Bell,Perezfort
MER0T6PSEV57LKC,Morris-Burns,Payneberg
MER0TIBMGDY1D45,"Bailey, Figueroa and Small",West Jamiemouth
MER0TKEFW7F3E5L,Gonzalez Ltd,East Lucasville
MER0TS03G6D2EPF,Humphrey LLC,Mitchellton
MER0U5P4V9H8779,Jackson and Sons,Erictown
MER0UFDG2TIG8SL,Love Group,Nathanieltown
MER0UJAO75M9ONX,Campbell Group,Allenville
MER0UJLK4ZRLPK3,Alexander-Herrera,Lake Tammy
MER0UVLGLYMDUKO,Love-Salas,West Catherineborough
MER0UXQMRDE1QEO,Bright-Woodward,New Stephanie
MER0UYVFNAWK4ZH,Cervantes and Sons,Kentfurt
MER0V0TI4H6I30R,Andrews-Murphy,Amyport
MER0VDENQ3BQYCF,Olson-Nguyen,West Sarah
MER0VTFJUER4XSS,Edwards-Wright,East Joshuatown
MER0W096FZNYRUX,Watkins Inc,Rachelport
MER0W2JHIVDRG54,Rivas Ltd,Lopezberg
MER0WJDONF1ZHKL,Lloyd-Hall,Faithville
MER0WUYWBIF5R9O,"Simmons, Clayton and Wagner",North Jimmy
MER0X0DKNGVB0EQ,Pacheco Group,East Alexis
MER0X1F4ZQG6BI6,"Lester, Smith and Morris",West Kimberly
MER0XP5W5X1OXO9,Kelley-Scott,North Sheilaville
MER0XQTKIPL9Q5D,Gilbert-Duarte,South Donaldchester
MER0Y5QZL4T9764,"Brown, Harmon and Perez",Petersonfurt
MER0Y6ROZ3XUVH8,Edwards-Williamson,Port Karen
MER0YK8V8ZONTC3,Meza-Brown,Monroechester
MER0YPMDEO25Y47,Hall Ltd,Nicholeberg
MER0YQQEOC52IXU,Brown and Sons,Espinozaburgh
MER0YSYJ8DIFHZU,Nguyen-Hill,New Christineside
MER0YTCQU0A0EEL,Willis PLC,West Zacharyberg
MER0YZK4FI39X61,Howe-White,New Rebeccatown
MER0Z8J9LJAC3CN,Ortiz-Nixon,Johnstonhaven
MER0Z9ACQBPZNUK,Fox LLC,Lake Dalton
MER0Z9ZLFQKJPAQ,Wall-Carson,Guzmanside
MER0ZBD5Y6WA2F3,"Tran, Brown and Dunn",Port Vickieshire
MER108IUCXL8R6Z,Brown-Davis,South Nicholasstad
MER10BTNRU874AT,Johnson-Johnson,West Adam
MER10YR6HN25GJA,"Mack, Wood and Alvarez",Danaville
MER11125MDK4KC4,Howell Group,West Markfurt
MER11EGP10PGR2I,Huber and Sons,Harrischester
MER11F1PA1REHJ8,Davis Group,Richardberg
MER11P7DHWCTPJ2,Horton Ltd,Kingtown
MER11SDKE4JB79F,Ramirez-Johnson,Coxborough
MER11SF1ZHCR0UE,"Rodriguez, Ortiz and Stuart",Michaelhaven
MER11YK3Q66GKMQ,Savage-Cox,Port Andrewberg
MER12CW2DSB6MKB,Grant PLC,Lake Patricia
MER12HO5YOPV4G7,Cummings-Thompson,Haneyhaven
MER12JXFMLNDXCZ,Wallace-Robinson,South Jason
MER12L8B2QSRMSK,Pennington Ltd,North Billy
MER12NNXALU39JH,"Anderson, Gomez and Goodman",West Jacqueline
MER12TSL6E20AE1,Cruz PLC,Danielland
MER12U2WRJS9C8U,"Perez, Murphy and Pena",Johnsonshire
MER12V6NEX545J1,"Melendez, Mcfarland and Nunez",New Paulaton
MER13BZMNULYH1I,"Coleman, Hernandez and Martinez",New Jonathan
MER13K8UEFFEPZ7,"Mcfarland, Ellison and Cross",Blairshire
MER13OXEZ86FIIG,Ashley-Meyer,East Lindseyton
MER13WXH52Z8Y5O,Decker-Robinson,Prestonville
MER1405P1K8GE5B,Lee PLC,Masonside
MER141EYDHR3JDX,"Richard, Willis and Baker",Robertsberg
MER142VBO4YXRPN,Herrera-Banks,New Shaun
MER143FIDVMAA3R,Williams-Lewis,New Vincentborough
MER14HWJW1WLM5O,Harmon-Stewart,New Arthurhaven
MER14JZXA3FPEMX,Morton-Wiggins,West Christyborough
MER14MQM4PSNCID,"Rubio, Long and Wade",East Sarah
MER1537N3W6YYLY,Gill-Montes,Alexanderville
MER15B7LQ17IG3F,Nelson-Morales,North Patrickmouth
MER15ZE1W5NTGWC,Hunter-Shaw,Davidshire
MER16RVCMPCFXN7,Thornton Ltd,Crawfordton
MER16THXUDPNZI2,"Sanders, Moody and Smith",North John
MER17J4F79QP0CJ,"Wallace, Dunn and Mcbride",Scottland
MER17LPPUFVBXKU,"Sanchez, Morales and Peterson",Jimmyberg
MER17XAFILEXYTD,Maddox-Mills,Moralesport
MER182HRR97ZI3Q,Gutierrez Inc,North Kristen
MER18OSP4ESCTCB,"Williams, Jensen and Morrison",New Valerie
MER18S3VNCQG8OL,Harrison and Sons,South Lisa
MER18SS2W0FWCTM,Cordova-Brown,Lake Christianchester
MER18UND62YHWUD,"George, Graham and Johnson",West Robert
MER18V1LZPAAVN7,Taylor-Herman,North Christopher
MER195MHM5KQMNJ,"Ray, Compton and Hogan",West Tinaberg
MER19KG51B5AAVR,Gonzales Inc,Bellfort
MER19UKXQRPKCPB,"Robinson, Guerra and Hernandez",North Kaitlyn
MER19Z6TC8QWZF0,"Miller, Peterson and Williams",West Danielle
MER1AT93ORYJ86E,Williams-Andrade,Rebeccastad
MER1BGDDWPZNUDL,Russo Ltd,Sparksville
MER1BGM9EVYJMSN,Baker Ltd,West Lindseystad
MER1BQC19W6BSMQ,Franco-Hill,Michaelmouth
MER1CCFV1WICMX1,Holmes Inc,West Kevin
MER1CICD33R33G4,Barnes-Blake,Danieltown
MER1CNVVUIK6SVM,Madden Group,Cynthiafurt
MER1CZSW2JD15WD,"Hicks, Simmons and Wright",New Ryan
MER1D6ZKKRU285N,Williams Inc,Carrland
MER1DO37J26TSYI,"Davis, Aguilar and Herring",North Victoriastad
MER1E4RJMJA58UC,Jones-Ingram,Crystalfort
MER1ECHZUV9E1WF,Roberts LLC,Lake Aliciatown
MER1FQAWD1EJ40G,Price-Hatfield,Jamesshire
MER1FSJOZLVXP82,Ayala LLC,Myersberg
MER1FXGKPBGPMXY,"Holmes, Donaldson and Poole",West Todd
MER1G3W4C317D3P,Fields-Jackson,Lake Raybury
MER1G6P7KEZE7NR,Thompson-Frey,Hoffmanmouth
MER1GAEWZCRAPE8,Arias PLC,Lake Cheryl
MER1GPS40E88EIZ,Krueger-Cannon,South Norma
MER1GVIJLRY82FO,"Young, Bentley and Downs",Johnshire
MER1H3E46SL03DR,"Valenzuela, Fields and Smith",Port Frank
MER1HKX9MFPEPXY,Moore Inc,East Alicia
MER1HOVH9HT4DVT,"Murphy, Hawkins and Dickson",Port Andrealand
MER1I6SGHXVBVFH,Jackson LLC,Anthonyport
MER1IKI5RKXLLNV,"Nelson, Carson and Miller",Stacyview
MER1JKJ3Q8OO4L5,Watson Ltd,Reynoldsburgh
MER1JN6EJNUCZY9,Ford-Taylor,Lake Maria
MER1JNUG2EO6P6S,"Lee, Spencer and Martin",Denisemouth
MER1JOYS79BLX6X,Jones-Figueroa,Thomasville
MER1JULZ05OW3R8,"Moss, Daniels and Irwin",Mccallland
MER1K4P13C53ZY6,Cortez Group,Alisonfort
MER1K7JEYW7MNID,Sanchez-Cross,South Juan
MER1KAKEPFWI24W,Bailey-Thomas,Cristinahaven
MER1KMVTIQST0QP,"Johnson, Hill and Chase",Matthewport
MER1KZNMDEUMC9J,"Rodgers, Haas and Murillo",Timothyland
MER1L4K76HJQT1R,Martinez and Sons,Smithberg
MER1LCPPSY1MBZK,Todd-Campbell,East Jesusview
MER1LFCGUVM9ZFW,Perez Ltd,Bartonbury
MER1LOVSY0LKEBC,"Mcdaniel, Armstrong and Fuentes",West Tyrone
MER1M2UFYGJK5R9,Spence Ltd,Kimberlytown
MER1MGXA9NWQPDT,Campbell and Sons,East Rubenstad
MER1MISFKOKQ1IP,"Lee, Sandoval and Hayes",Alexandriahaven
MER1MKFV6OJZ6HH,Brown-Spencer,Jenningshaven
MER1MQG13U4E8OS,Thomas-Nixon,East Erikborough
MER1MRNZHSYFYSB,"Perez, Mccarthy and Powers",Hendersonbury
MER1MT1CIUVHB7L,Ross-Curry,Port Shannon
MER1MVCTFVSSHAK,"Johnson, Carpenter and Bernard",West Amychester
MER1NBZSOQ0A4FG,"Nolan, Carroll and Alexander",Nicoleberg
MER1NFGV4QUCL8D,Clark-Dalton,Arellanoside
MER1NI1K25GNVFS,Ramirez-Powell,Christinaland
MER1NMFQPCAA3H5,Small-Johnson,Port Jasonbury
MER1NUX9UW1JAQ9,Mitchell-Zimmerman,Mcmillantown
MER1OHX9KJAKK1X,Meadows-Davis,Courtneyport
MER1OWE8U6XEFTP,"Johnson, Patterson and Jones",South Christopher
MER1PEWK0NQJR5I,Miller-Holmes,Dillonton
MER1PIH84G0NHIE,Chavez and Sons,Laneview
MER1PJJGGOCLYHF,"Mitchell, Sanders and Cooper",Gonzalesfort
MER1PRO7KKIJ3X9,Miles-Garcia,West Paulaville
MER1PW0LWG2X52V,Gill-Johnson,Bishopfurt
MER1Q0GQZHQQM3G,"Martinez, Tucker and English",South Connorchester
MER1Q3ON1IZCLY6,"Evans, Kelley and Baker",Garciaville
MER1Q7F4K2HOWSD,"Lewis, Kramer and Richardson",New David
MER1Q7P8FE46SU4,"Richards, Schmidt and Diaz",Monicaton
MER1Q8CQ3A6FCUK,Park Ltd,New Elizabethfort
MER1QEJ0WHL9QF9,Estes LLC,Bakermouth
MER1QJO8IORYSOQ,Rios Group,New Alexandra
MER1RYC0GURRB7B,Moses-Trujillo,Smithside
MER1SAZ29LP80U1,Nichols-Rogers,North Jamesland
MER1SEQNP2NEP1W,Cortez-Kaufman,Jacobbury
MER1SG6CYBO0VFR,Rivera-Howard,North Molly
MER1SGOPWZ1IO9X,Roberts and Sons,East Luke
MER1SPR5JIYB5RV,Mccall-Ryan,Lake Angelaview
MER1SWQF53VUCT5,"Marks, Cline and Gallagher",Port Gary
MER1TB523IVSFPS,Bell Inc,East Jeffreyhaven
MER1TUVX0JHJH83,Robinson-Fowler,Montoyaport
MER1UA958G3O6BC,"Thompson, Gomez and Gates",Ortizville
MER1UM6Q33ZC1EJ,"Gutierrez, Hardin and Johnson",Tylerhaven
MER1UN2P3Z9UVMR,Bush-Robles,South Ronnie
MER1V1X4OHJN4XD,Watson-Brewer,Lake Tamiview
MER1V71JY5ZP4H7,Andrade-Hayes,Carterbury
MER1V8UFHP3SK5C,Randolph PLC,Joshuatown
MER1V9PIDJJ2UK1,"Zimmerman, Griffin and Russell",Port Hollyfurt
MER1VKEHKMG1IVX,"Mcpherson, Crawford and Conner",Stewartfurt
MER1VU8YRFFMMDD,Davis-Mooney,Colemanside
MER1W0XXME12HCD,Gray and Sons,Mezaside
MER1X084T6KZAU8,Arroyo-Hernandez,Munozport
MER1X1YCFJ7333N,Miller-Gonzalez,North Mark
MER1X9PZYMXJFON,"Green, Kennedy and Trevino",North Teresa
MER1XNI0RHIA5K4,Moore-Smith,Gregoryside
MER1XUGEFZV9PKV,"Jones, Chaney and Robinson",Youngfort
MER1XWZJJK830MV,"Greene, Wagner and Fields",West Alexanderport
MER1XXXJA31JKPA,"Ramirez, Harrington and Jackson",West Rick
MER1Y66NYOTYFVC,Hendricks and Sons,East Sarabury
MER1Y8FXZ4XPKTM,"Wilson, Wheeler and Ingram",Avilaville
MER1Z1YRNECNQBE,"Ramirez, Parker and Hernandez",Wilsonburgh
MER1Z6RJDPJB0PK,Farmer-Colon,Baileytown
MER1ZE6XEXOVG5V,"Huff, Hurley and Yates",Barnesmouth
MER1ZF95DHCJ9IB,Hughes-Thomas,West Jeremy
MER1ZJOGWRLU6BY,Holder PLC,Marymouth
MER1ZRLFZVD2W3O,"Mueller, Walker and Conner",New Frank
MER1ZSUYQWRQ0CW,Mays PLC,Silvastad
MER1ZUF6PW88QUY,"Gamble, Duncan and Edwards",North Barbara
MER207NXU1SZ00D,Hopkins-Flores,South Briantown
MER20EM31AUHKEF,Herring-Thornton,Thomasborough
MER20Q7NB5ON21F,Blair Inc,Jackchester
MER20RN8P96RWZB,"Nichols, Villanueva and Barnes",East Taylor
MER20SL60DUJDKO,Johnson LLC,Michealbury
MER21020X4B2ZBP,Abbott-Randolph,North Robertport
MER214SMUGYGIJL,Murphy-Perez,West Melissahaven
MER2193LPALEFUB,"Hunter, Barajas and Floyd",Thomastown
MER21B9P5SSJ5KR,Collins Ltd,New Adrianville
MER21BM4JIDQW0P,"Wright, Willis and Sullivan",Port Bethany
MER21G3MVO334HQ,Fletcher PLC,East Grant
MER21H95I0Q1818,Bond PLC,Kruegermouth
MER21ZNBDEKNCM9,Shelton-Collins,New Michaelmouth
MER221FQ15UFTVJ,Lopez PLC,East Michaelburgh
MER224NBYMPZKUC,Reynolds LLC,Bensonfurt
MER22OT88J3EW1N,Yang-Roberson,South Laurenshire
MER235CYHYAYBRW,Adams LLC,Carolynside
MER235RWCHTI74E,Taylor-Williams,Alanberg
MER23W4Q2S0M8OL,"Glover, Gregory and Weaver",Port David
MER241MEGX9YOOV,"Hernandez, Lawrence and Fuller",Warrenbury
MER241USHASPZZA,Santos LLC,Josephside
MER254A0YI8C923,Smith Ltd,Danielborough
MER25A25Y2AIBC5,Wilson-Henry,Derrickmouth
MER25H4UG72FDDT,Hill-Gould,Nicholsonchester
MER25IDHRB39P06,"Diaz, Webb and Martinez",Lake Thomashaven
MER25LK7JX5E74D,Fuller-Owens,Wardburgh
MER265YNK9GZPT9,"Holden, Moore and Lewis",Brownmouth
MER26DIFFL3ESZH,Allen and Sons,West Carrie
MER26HM2EA69UBI,Morris-Bowman,North Codyville
MER27BB6ZFK4N6K,Fields Group,Stokesshire
MER27D92EH804X9,"Bolton, Marsh and Moore",South Jeffrey
MER27I1PQAEQH4V,Collier-Petersen,Lake Veronica
MER27PPMNW2G7B3,"Smith, Colon and Gardner",Port Joshuaburgh
MER27RGFDD4Y632,Sparks-Logan,Ochoastad
MER27SBZYVSON31,Wolfe-Andrews,South Billy
MER28JCHDEZJ65R,Mendez-Ayala,Michellestad
MER28YYF2SPJLEH,Patterson Inc,Lake Seth
MER298L8VTOKEA8,"Morgan, Riddle and Odonnell",Peterside
MER29CLWD8MIRJ3,"Munoz, Collins and Ray",Danstad
MER29IKGQ9SECZL,Bartlett Inc,Miguelfurt
MER29J40GIJVFIJ,Thompson Inc,Blankenshipton
MER29RDV8PMQ35K,Martinez-Doyle,New David
MER2A0DUNZHGKRQ,Valdez-James,New Jessica
MER2A7IZPQFU1O8,"Woods, Kelly and Sawyer",Lake Billymouth
MER2ABKEN81WQ8L,Bowman and Sons,Ritaland
MER2AN2PTR38AFC,"Hendrix, Butler and Smith",Karenborough
MER2AR4WC7BXASS,Elliott-Williams,Jonathanburgh
MER2B1MGT3KKMSU,"Fischer, Wallace and Horton",Vasquezton
MER2B5XV3W36R5N,Singh-Smith,West Patrickville
MER2BBUM5WT4UJM,"Davis, Brown and Bridges",Atkinsonmouth
MER2BEFLPAOUT1U,Marshall PLC,South Christopher
MER2BHU8GL4JNCE,Williams LLC,Bestfurt
MER2CAVMVCCZOX8,Rodriguez-Rios,Carrollburgh
MER2CEUSH3KCB89,Ritter-Hancock,Johnstad
MER2CSCR8JY5MSS,Casey-Hart,East Bethanyfurt
MER2CVVW9Q40WDN,Suarez-Giles,Cindybury
MER2D1NS29R0L1Z,"Turner, Quinn and Williams",Bryanfort
MER2DQCBY7S7WSX,Lopez PLC,South Codyfurt
MER2DWI9VJ8DXW1,Thomas-Ponce,Lindashire
MER2EEKV5VST5U6,"Cantrell, Scott and Bennett",Morganville
MER2EUY1D34IS0T,"Barr, Phelps and Chapman",Hendersonmouth
MER2EWYA598HBPC,"Gonzalez, Sullivan and Hall",Beckstad
MER2F4VC5E75BJI,Wagner-Jones,West Amy
MER2F5C7STD3YEE,Love-Coleman,Joseburgh
MER2FNN5EEEVNEP,Lang-Miller,Lake Christopherside
MER2FQLSFK4IH5S,"Moody, Hancock and Johnson",Hessberg
MER2G6N5MET7PWB,Wilson-Wilson,Bellfurt
MER2GEC05AYWEJ3,Rangel and Sons,Mcintoshton
MER2GSJBQT09173,Warren-Johnson,East Ashley
MER2H68QOBUFLXJ,Stokes Ltd,Lake Robin
MER2H7ZLYO82XGG,"Johnson, Cooper and Torres",Smithburgh
MER2HDZ3HYOPW3D,Myers-Martinez,West Tyrone
MER2HNLWP4D01PV,Ellison Inc,Robertmouth
MER2I9UUZZLX29F,"Stuart, Mendoza and Perkins",Lake Hayleyport
MER2IE5O7L70ZTD,"Green, Sullivan and Barrera",Stanleyburgh
MER2IFEI0ORF05N,Davis-Martin,Huffmanborough
MER2IPX8EGQR0IL,Ritter-Parker,West Matthew
MER2J57KC7GB6WP,"Cordova, Rodriguez and Bradford",Port Stevenland
MER2JTEXFUXJ4ZN,Moore-Tucker,Brownhaven
MER2K4MCTXP26D0,Sanchez Ltd,New Kimberly
MER2KBLY3OHIJ95,Johnson-Wilkerson,East Andrew
MER2KURBCUM27J6,Salazar-Rodriguez,Markville
MER2L6GL34SBFWN,Collins Group,Taylorside
MER2L6ON64SXE9X,"Avery, Edwards and Wilson",Lake Williamborough
MER2LED9K9TH18A,Ortiz-Robinson,Cortezmouth
MER2LEIX9JC3LVJ,Jenkins and Sons,Brandonburgh
MER2M4IM1R03FV5,Leonard-Brown,Douglaschester
MER2M5QDVG0CIXS,"Eaton, Stone and Foster",Port Cynthiabury
MER2M6PB61YFL3Z,Peterson Inc,Jamesmouth
MER2MN7RM87EEI4,Sanchez Ltd,Lake Bryanburgh
MER2MVLUI7PC950,Ali-Cox,West Brianberg
MER2N13WH0470YV,Manning-Blake,Michelleberg
MER2N2WCJU6HT6V,Soto-Hendricks,East Jonathanmouth
MER2NOJAWKZH0ST,Rivera-Nelson,North Morganhaven
MER2O34NOL76XEX,Jenkins Group,East Linda
MER2OBJFOJGUA5H,"Estes, Martin and Rogers",North Bradley
MER2ODF3M1ZGBLV,Ramirez and Sons,Tinachester
MER2OR96DTPDIZA,"Rodriguez, Clark and Jones",Brettville
MER2PWIJP5KI6SY,Singh-White,East Logan
MER2Q7VWYKLWY4Y,White-Johnson,South Cody
MER2Q9I8RBLU4CJ,Foster Ltd,Alexanderport
MER2QAG9FO9Q98T,"Gill, Mills and Powell",Susanmouth
MER2QZ7QPO39GBK,"Hernandez, Harrison and White",Elizabethborough
MER2RA7RO3JVQOR,"Roy, Taylor and Ross",Stevenfort
MER2RC2Q85C22EI,"Livingston, Harmon and Johnson",Fordbury
MER2RXCDJ3Y4YDX,Brooks-Baker,Bryantview
MER2SIJ2H3JGUSY,"Smith, Smith and Jones",Martinezshire
MER2T198FWIJINR,Carter PLC,Millerchester
MER2T5JNYPHJM7F,Kennedy Inc,Kathrynton
MER2T9CWAX5NY17,Ford and Sons,Stevenberg
MER2TBKXDO2Z8WF,"Lutz, Johnson and Lopez",South Aaronmouth
MER2TCS70DHR26I,"Moyer, Harper and Hines",North Brittanyton
MER2TE2CE6SFLWR,"Baker, Bentley and Barrett",Mackfurt
MER2TO2YQFLB77S,"Williams, Austin and Moore",Kristenbury
MER2TZED53152GT,"Phillips, Moore and Dickerson",Bobbyville
MER2U3TCL2243WX,"Wang, Hahn and Acosta",Staciehaven
MER2UEVUI9CGYWJ,Cox PLC,Ryanview
MER2V0WBXAACF5S,Jones-Mccarthy,New Douglas
MER2V317I7IXIZ9,"Garcia, Contreras and Thomas",Lake Brandonhaven
MER2V5PTGLERT7A,"Ramirez, Wood and Murillo",Cabrerachester
MER2XC84BWFQ49Y,"Espinoza, Todd and Williams",New Tommyland
MER2XDDWPTSN69V,Cooke-Green,Wuburgh
MER2XJKGS7RCCRU,"Mcgee, Castillo and Hunter",Kelseyville
MER2XMJIWX0PO02,Brown-Henry,West Jonathanshire
MER2XOD2YB4HRBR,Smith-Cook,North Emily
MER2YND7I2QLX77,Le-Oliver,New Brettbury
MER2YPI27WWC7X1,Oliver Group,Port Kellyfurt
MER2YRJ4SCWS9JD,Aguilar LLC,South Gregorystad
MER2YXT1DXA9G4A,Doyle LLC,New Stephaniemouth
MER2ZZLIYYIJE3S,"Jones, Murphy and Shaffer",Woodsburgh
MER30E5PRT0QGSA,Martinez Ltd,New Frank
MER30MD1NZZMP72,Norton-Crosby,East Michelle
MER30PLJRZ9LWN8,Hernandez Group,Wrightport
MER31688D8PS3FM,Rivera-Monroe,Jennifershire
MER32GBTGU19VAU,Ryan Group,Reneeland
MER32HMEW0C51HN,"Santiago, Moore and Higgins",Lake Traci
MER32VR5ZWA1DXZ,Martinez LLC,Bryanttown
MER33CAT10U1H6F,"Young, Schroeder and Clarke",New Tamaraton
MER33NEMGQ173PV,Bradley-Garcia,East Taylorburgh
MER33P9CN3OLPN0,Smith Ltd,Hinesfort
MER33W03MMM5RDH,Harris and Sons,Spencerburgh
MER33ZF0AL8O21N,Taylor-Fischer,Sharonberg
MER347LDQUDHEDL,Hensley Inc,North Cassandra
MER34AXQZKTQ28T,Smith-Kelly,South Oliviamouth
MER34E4M57XVFCT,Krueger-Thomas,South Ryan
MER34MXV7UY18NG,Horn-Oconnell,Clarkberg
MER3594SUQZ0YCI,Proctor Inc,Katrinaville
MER35PMXV3J7YMP,"Jones, George and Adams",Vanessafurt
MER35UL83PLS5XZ,Johnson-Garcia,Wilsonberg
MER36025WWEUIEA,Foster Group,Griffinbury
MER365EAEJ8KLXL,Keller LLC,Port Lauraland
MER36B7Z15I173P,Vaughn Group,Danielside
MER36NP0L7GC86O,Davis-Bell,Port Rebekahchester
MER36PX2IWT4T81,"Thomas, Petersen and Castillo",Melodybury
MER36UBV403KLC4,Summers LLC,Jacquelineside
MER378I9HECLBQK,"Miller, Hawkins and Hayden",Lake Donside
MER37DEEPMXJCVZ,Roberson Group,New Michael
MER37F9RB7Z9DLJ,Ryan Inc,South Stephenburgh
MER37PJSADGB0ZJ,"Clark, Martinez and Mendez",Pattonstad
MER38HD3VC5DEF2,Gomez-Bishop,North Christopherhaven
MER38IA0UYUUWBB,"Gonzalez, Moon and Martinez",Port John
MER38O73V3I1KPD,Wilson-Ramirez,Lisaland
MER38VIQA61LL7O,Carter PLC,Port Victorialand
MER399VK0CC3OOW,Howe PLC,South Jasonview
MER39C74UKRY8AE,Flores-Brown,East Michelle
MER39X4BEVWMKD0,"Brown, Simmons and Sanders",Patriciachester
MER39ZSA84VYZZD,Diaz-Anderson,North Adamchester
MER3APSBZYCVIOZ,Higgins-Johnson,Patriciaberg
MER3ATHQ9JB7GDQ,Hughes Inc,New Brian
MER3AV01ZQ6N83M,Lang-Rodriguez,West Sara
MER3BNA3X6KR7TC,Dennis and Sons,East Amber
MER3BQN4ZIV7BU8,Bender-Jackson,Mcleanmouth
MER3BR5FJKLOT5S,"Davis, Pierce and Long",Mercadomouth
MER3C2XBHXMEPRI,Evans Inc,Travisshire
MER3CLQJFHGH3VX,"Thomas, Patrick and David",Elliottport
MER3CO78F9E5PMD,Barrett LLC,Kellychester
MER3CSXHILU4ILY,"Vazquez, Leon and Manning",Jimenezchester
MER3DEMIGD6X052,Davis Ltd,New Deniseside
MER3DPOZZSTMV0X,Mitchell Group,Hallview
MER3E2MSXPOM4DC,Morgan Ltd,Fitzgeraldborough
MER3E7AMTCKRYP4,Bradshaw Inc,East Helenview
MER3EJQWX2AN34K,Morgan-George,Melaniefort
MER3EZUENR1JN2W,Collins-Robinson,Atkinsonfort
MER3F29A0STQGOW,"Hicks, White and Goodman",East Jason
MER3F2VN3EXFJIG,Roberts Ltd,Williamview
MER3F5TGTVLDM7Q,"Gross, Baker and Smith",Port Elizabeth
MER3FU5FK4QILBV,Bernard PLC,New Kimberly
MER3G5B68DIUBAM,Taylor Group,Lake Daniellefurt
MER3GB2HYCTW4U4,Pacheco Group,East Markmouth
MER3GG5Y2VE0732,Green LLC,East Latasha
MER3GI3Z1WNDYT3,Crawford-Allen,West Troy
MER3H37K46W0722,"Davis, Cook and Wilson",Lake Juanborough
MER3H4C1WGIVTAU,"Cannon, Rosario and Williams",North Melinda
MER3H4D1B0Z30XM,Lyons LLC,Garciaburgh
MER3H71PZM4NKZE,Lewis-Moore,Erinton
MER3HBWGUXV4KT9,Ramirez-Smith,Jamesberg
MER3HJH9BDCOO69,Larson and Sons,East Deanna
MER3HOY893XQ6UL,"Valdez, Lawson and Butler",Port Jasonberg
MER3HTKPB01YV5R,Sampson Inc,Dawnfurt
MER3I5E5SOLLWT2,"Martin, Drake and Peterson",Robertton
MER3ICER7NKGWE9,"Nelson, Valdez and Gaines",West Tanyahaven
MER3ID0LCF0YU78,"Koch, Gibbs and Barker",Thomasburgh
MER3IE39T6JIGNS,"Armstrong, Webb and Hester",Shaneberg
MER3IPQSSKPSJ8N,Fields Inc,West Jamesshire
MER3ITBJZKHX9N6,Chan and Sons,Beanborough
MER3J2CL9YO21RB,Hancock Inc,North Joseph
MER3J9NGHGAVNJ5,Cohen-Lambert,Anthonyborough
MER3JEY2FH3701X,"Fry, Brown and Shaffer",Keithport
MER3JQK5QA01VLI,"Keller, Henry and Grant",New Jasmine
MER3K7X240FVOS1,"Silva, Randolph and Lewis",North Davidmouth
MER3KNPRMZFJ3CM,"Burns, Knight and Love",South Andrewfurt
MER3L8N935KABIF,Hardy-Olson,Manninghaven
MER3L97C3KWS2X7,Davis-Garrison,Bethhaven
MER3LFZ31KT30EB,Johnson-Singleton,Howardland
MER3LICH8BPUWML,Carter Group,Lake Amyhaven
MER3LIIPRFVQXCM,Garcia-Perry,Stevensview
MER3LJVKRTZE5Y0,Roberts Ltd,Marcusland
MER3M0FD0GKIJOM,Johnson and Sons,North Alicia
MER3MESO7183V5F,Burns-Smith,Prestonchester
MER3MRR6DB8R8JU,"Neal, Williams and Stewart",Port Robertberg
MER3MT7455BNLDL,Rangel LLC,Dominguezside
MER3MT8ZOGDW4SA,Rogers-Williams,Mercedesfurt
MER3N6I4ROM0M9H,"Martinez, Green and Butler",Rogersstad
MER3N9N5WCAREXG,"Bell, Cox and Miranda",Brittanyport
MER3NEEO1MC9A54,"Blankenship, Lewis and Sullivan",Donaldborough
MER3NP9GFPP9V94,"Gonzales, Valdez and Rodriguez",Smithberg
MER3O6DPLRRLUDI,Kemp-Blankenship,Youngside
MER3OGZ6D9RPH0F,Valenzuela-King,South Danielstad
MER3OXMDE4DG0NX,Jones-Patrick,Nicholasfort
MER3PQA3OZWMUJG,Rodgers and Sons,East Michael
MER3PRH9RWI3SHR,Oneill-Baker,Paulchester
MER3PV9U2SE6Q9T,Norris-Martinez,East Michaelmouth
MER3PVGYP0J1P9J,"Washington, Morris and Gibson",South David
MER3PXE7EMHRDG1,Lee PLC,New Holly
MER3QI4FH1M82HC,Perkins-Summers,Port Stevenfort
MER3R12DE4NMLRL,"Mendez, King and Smith",New Paulport
MER3RF7ZRAZF4DU,"Smith, Jones and Jimenez",Montoyaview
MER3RIHGGLNA0UM,Jimenez-Morales,Smithstad
MER3RJ8L83MP975,"Curry, Williams and Bennett",New Erichaven
MER3RNGKXN3YKXL,Bell-Thompson,Huntburgh
MER3S2T4Q5CX9KZ,Lee and Sons,Amandachester
MER3S7KHT0EW3TR,"Brooks, Nelson and Daniels",New Juliestad
MER3SO027BAK4LE,James-Hicks,South Nicholas
MER3SVPAP8O6I4Y,Reed and Sons,North Laurenfort
MER3T5GTSV77HLS,"Johnson, Jacobs and Smith",Port Danielle
MER3THGUESP5MRA,"Archer, Preston and Morris",Kristopherberg
MER3TR4A0HL7ITE,"Howard, Rogers and Clark",West Thomas
MER3TZEVINAKNWW,Smith and Sons,Lewisside
MER3U1A6WE9OQUI,"Hansen, Moore and Medina",West Michelle
MER3U785W53ZVF7,"Ellis, Mcclure and Gates",Lake Tiffanyburgh
MER3U90QC6WMSTG,"Thomas, Morrison and Lane",Melissaburgh
MER3UQ8JQ32GWEQ,"Mendoza, Tran and Jones",North Paul
MER3UZJY2MLMCOA,"Richmond, Frank and Wilkins",Edwardsberg
MER3V3W872Y0VGD,"Gomez, Solis and Henderson",West Ashley
MER3V4S649V8CTE,Smith Inc,Lake Dustinchester
MER3V5MPDDYJJ32,"Powell, Pratt and Aguirre",North Brian
MER3VFILFR0V5SH,Anderson-Heath,Jacksonview
MER3VFSFFWFVSAR,Wilson LLC,New Olivia
MER3VLFUDFI1PYN,Harris-Spencer,Megantown
MER3VLNQER939YN,Ibarra-Hawkins,West Amberville
MER3VUSDBG8GLQM,"Rice, Lewis and Johnson",Tinabury
MER3W787OOTG7GW,"Melton, Johnson and Lewis",New Rachaelbury
MER3WD5ULBEWBO0,"Sutton, Hobbs and White",Gregorytown
MER3WG8ND0U313W,"Parks, Lester and Estrada",Elliston
MER3WGB7DUHFQS4,Davis-Nelson,South Melissaberg
MER3WKJLVHU63TE,"Smith, Williams and Wells",Port Jonathan
MER3WZP178IOMLH,"Brown, Horn and Rogers",Bradville
MER3X18XFM896PD,"Johnson, Kennedy and Perez",Bakerbury
MER3X5K72RO8W28,"Hudson, Price and Robertson",East Johnborough
MER3XAC6XDXY5OK,White Inc,North Chrisberg
MER3XAJ9SBRW6YV,Davis-Torres,Clarkbury
MER3XELPKTZXGHW,Wells-Brown,Lake Jamesfort
MER3XVA5BE1OT78,"Trevino, Edwards and Dominguez",New Joseph
MER3Y6Z068E082W,Coleman-Gilbert,South Catherineburgh
MER3YIHZD5VG9KV,"Jimenez, Gibson and Strickland",Murphybury
MER3Z14JBI38496,"Frazier, Simmons and Key",Lake Brett
MER3Z58V87BL725,Watkins-Boyer,West Patricialand
MER3ZCFUG8M0HWY,Williams and Sons,East Sara
MER3ZP7RE2EQ02U,"Clark, Lucero and Alexander",South Michaelchester
MER3ZZH90DNXIRG,Phillips-Smith,New Anthonystad
MER4064U93GFSGC,Underwood Group,Port Seanhaven
MER40D5S208PXCD,"Davis, Roy and Morrison",Bishopberg
MER40ENN5CC7F9H,"Salas, Vasquez and Herrera",Burnsstad
MER40H0FB7BA1RT,Farley-Smith,Fosterhaven
MER416YHI4Z1LOI,Pollard-Collier,Charlesfurt
MER41TACBDYGPZG,Wright-Spencer,New Ashleyfurt
MER41UVA1AY34E9,Lamb-Young,Morganton
MER41ZSCJTJTQO7,"Flores, Sweeney and Hoover",Moraleston
MER42TW8DQG4ZFH,Holland and Sons,West Katherine
MER435YRGK94Y1R,Erickson-Olsen,Smithhaven
MER43KLMNPST1Q2,"Villanueva, Duncan and Henderson",Lewisborough
MER43RICEWV9562,"Beard, Archer and Harmon",Fritzport
MER43Y55WU8887K,Caldwell-Guerrero,Anthonystad
MER43Z9ZWK0324C,Smith-Armstrong,North Marcfurt
MER45288IEMG7UC,Glenn and Sons,North Christopher
MER455BU0I0PZU9,"Case, Combs and Dixon",Schaeferburgh
MER45C9LHNQ9E9B,Salas LLC,Lake Benjamin
MER45NMT3CNFV6S,Wilson PLC,North Kristinaton
MER45OTCWZHO00Z,Peterson-Thompson,South Amber
MER45QE5ARKLHUT,"Brown, Taylor and Tucker",East Kelly
MER469UWA68PXZI,Silva Group,Rachelview
MER46RTV2LRSR59,Mann and Sons,West Darryl
MER479O6JQNQHD7,Rush Group,Port Donnashire
MER47A6LI4G3AWQ,"Palmer, Owens and Hughes",Johnsonmouth
MER484304IQWO1T,"Gonzalez, Friedman and Nelson",Richardland
MER486YK27WWFXR,Palmer Group,Jamesland
MER48A6EHQLSJF7,Martinez LLC,North Maureen
MER48BRRWO7CQVR,"Sanchez, Tanner and Molina",Dylanburgh
MER48OOLBQYCOG1,"Sharp, Fitzgerald and Larsen",New Paulaville
MER48Z0WJAXE949,"Perez, Lawson and Newman",Lake Rachel
MER496ZUN929KNJ,Taylor LLC,Danielsland
MER49FY1RISL261,Bean-Taylor,Keithview
MER49HL2ZMFUYJ1,Sandoval-Coleman,Ingramstad
MER49IK2TCLQFYO,"Williams, Henderson and Brown",Herreraborough
MER49OV252BKJLA,Lawson and Sons,South Kevin
MER49SNG1QYQNFI,"Moore, Lewis and Craig",Port Courtney
MER49U71C1HKZHI,"Gardner, Gonzales and Burns",New Charlenefort
MER4A8SCINOC3XR,"Brown, Jacobs and Kim",Lake Richard
MER4AWRIG4V8AY4,"Vega, Ramirez and Graham",Langfort
MER4AXUQMH2O4PQ,Vega-Atkins,Steventon
MER4B64FY8KTW1F,Wagner-Martinez,Travischester
MER4B7VVR2J3X1B,"Jenkins, Harris and Glass",West Williamtown
MER4BME3RZ04RAS,Johnson LLC,West Lisa
MER4BTP9S6Z3M9R,Anderson-Brown,East Kelseyborough
MER4BU2SKDK9JD4,"Huffman, Marsh and Morton",Christinaborough
MER4BZZLHZDV0UC,Obrien-George,West Lindaborough
MER4C2S41DSJBV8,Anderson-Thompson,Longborough
MER4C35XDX37GCC,"Brady, Wagner and Rodriguez",Nunezville
MER4CPX38WC155K,Reynolds-Frazier,Christopherland
MER4CSC09MO70YJ,Decker-Rivera,Mooremouth
MER4CXQOWE23QFM,Knight PLC,Susanberg
MER4D8407JHKGMT,Ellis-Phelps,Lake Anthony
MER4DMN1D3ZSWAK,"Carpenter, Whitney and Hicks",Mariafort
MER4DVZWAC1JADG,"Orozco, Robinson and Collins",East Brendaborough
MER4DZ7U7PJJY6W,Lewis Group,Marvinhaven
MER4EAR0ZRBWAL9,Wall-Campbell,Port Krystal
MER4ENLRT9YXN0R,Acosta-King,Andrewstad
MER4ES93B8HIS5E,"Smith, Green and Jones",East Faithmouth
MER4FNDMGZ7GGBC,"Nichols, Leonard and Valdez",East Jamestown
MER4FZE68WZOB3S,Mendez-Mcconnell,Ellisshire
MER4GHD50ATC4BL,"Martin, Thomas and Walsh",Meganside
MER4GNI2RQMVX8B,"Coleman, Jordan and Chung",Lake Christophershire
MER4H5BRV2FN6W2,Briggs-Blair,Frostchester
MER4HKB8YN67TS6,"Farley, Decker and Watson",Port Lauren
MER4HU4EI920W0X,Kelly LLC,West Jessicaport
MER4I47K9QMDL3N,Young-Henderson,New Crystal
MER4I6TTH4M8C2Y,Cabrera-Mason,Martinezland
MER4I80VDQFOAJN,Haynes-Gamble,West Ericport
MER4IAD29YCN234,"Dyer, Fernandez and Carrillo",Richardton
MER4IJJECQUB4O3,Smith-Hanson,Williamville
MER4IY5YZ9N5VFU,Cook-Cooper,Sloanmouth
MER4IZ5656UNUPY,Smith Ltd,North Ambertown
MER4K1HUI1E3TP4,Cantu and Sons,Cooperbury
MER4K4IPRIOI4W4,"Williams, Willis and Delacruz",Alvinside
MER4K6BD5WXLWV5,Lopez-Carter,Jorgeside
MER4KBMONRTUMIY,Beasley-Stewart,Lake Robertland
MER4KGD0SSVOO4A,"Barton, Rojas and Smith",West Christina
MER4KLXDEF1XFUW,"Levy, Perkins and Reed",West Robertstad
MER4KO8M2FA1PTV,"Payne, Davenport and Rogers",Paultown
MER4KQ58V454WUB,"Harrington, Steele and Harris",South Rodneyside
MER4KQQT8ASBRYF,"Lynch, Parks and Moon",Fischerfort
MER4KRA4UHNO1KR,Romero-Dennis,North Amanda
MER4LGJWRSNCP3C,Adams PLC,Kingview
MER4LKHFFTQJNEO,Martin-Rodriguez,Davidburgh
MER4M5KK0Z3KXW4,Matthews-Jenkins,Sotoshire
MER4M901247ASLS,"Powell, Little and Sanchez",South Nicoleberg
MER4MVHS4C0Y1D6,Torres Group,North Antonioberg
MER4N8FIXYB6P8U,Perez-Garcia,Brittneyfurt
MER4O3EHFKX0HFP,Huang-Parsons,Martinezville
MER4OA50K3XFPTZ,Fowler Inc,Lake Tiffanymouth
MER4OAW8XV5AR1T,Shelton Inc,South Lisa
MER4ODWABSAVE9G,Lowe-Herrera,Riceberg
MER4OGNNSVG2KK5,Salinas Inc,Bondview
MER4OLY1L2KCLLB,Rodriguez-Williams,New David
MER4P5I23P73WHF,King and Sons,East John
MER4PC9ATKGVZZQ,"Alvarado, Hunt and Williams",Mitchellton
MER4PH8ZVQZWXL1,Burns-Mercado,East Antoniofurt
MER4PL3895SR49L,"Silva, Flores and Waters",Kennedyfort
MER4PQJM66F2DBY,Miranda and Sons,Johnsonside
MER4QMIJ61FLVC2,Evans-Morales,Brewerland
MER4R3EXGA0IRC3,"Cunningham, Edwards and Russell",Dixonstad
MER4RDZX8ENC12W,Gutierrez Ltd,Jonesside
MER4RJSWDBF5FK1,Walker LLC,East Amberbury
MER4RKYYU6Q0ESR,Mccall-Allen,Knoxside
MER4RMRCR197Q3Q,Johnson Group,Kyleton
MER4RS5HYP6RA3L,"Williams, Mendez and Brown",Lake Sandra
MER4RY4N7K552R7,"Hill, Williams and Walton",Seanton
MER4SDTCI1ZA4VL,Green-Richard,Port Tim
MER4SIO9ZV06NC2,"Campbell, Blanchard and Singleton",New Amandaville
MER4SSYMCDGCEPZ,"Gutierrez, Brown and Hurley",New Julia
MER4SWRKDIZLGB3,"Sanchez, Roman and Perry",Kimberlyside
MER4TG750Z1X4WT,"Mcgee, Williams and Cole",East Robertland
MER4TGBWGBHGQBF,Campbell-Martinez,Phelpsstad
MER4TTP999PHRVT,"Brock, Trevino and Smith",East Bradley
MER4U3OKD7RDB4I,Barnes-Parsons,Crystalborough
MER4UCP6QNBYXPN,"Miller, Walker and King",Mendozabury
MER4UH0CVGIMVMM,Gray-Greer,Watkinsberg
MER4UNZSLCFXM86,Russell Inc,Aaronside
MER4UQ2O8L8KEZT,Hall-Hurley,Phillipsfort
MER4V281FWJ11V6,Gilmore Ltd,Kennedyport
MER4VE8XN0MMZCG,"Lane, Serrano and Barnes",South Dylanbury
MER4VIVFBICYRSL,"Avila, Davis and Scott",Lake Jessicaside
MER4VZ8H8JCGBHY,Pearson Ltd,Huangville
MER4WGP29P27KHB,Hall-Allen,Larryside
MER4WHRG4LUQQJQ,Williams-Rich,New Ericstad
MER4WNNMVY7CXZ9,"Colon, Murillo and Robles",New Robertland
MER4WXFRRNPJFK6,Solis PLC,South Carolyn
MER4XEX3RU0FK4D,Jackson-Shepherd,Lake Erika
MER4XQ5Q4R9HW4G,Moss-Harmon,West Natalieland
MER4YB4903FUVDV,"Reeves, Vargas and Hicks",New Jasonton
MER4ZMG950E9S48,Hess-Fernandez,Davishaven
MER507E8EGYSVTP,King-Lopez,Santiagoberg
MER507KRJZN7O37,Davis PLC,North Loriburgh
MER50HIPC0F2W5G,Anderson-Cabrera,Ericchester
MER50HY7VC4RWO5,Rogers Group,New Mary
MER50NL01A7JVTA,Dawson-Watson,Davidsonview
MER50UI586W5JUE,"Kennedy, Crane and Rollins",East Edwardside
MER50VCNE1D76BW,Ross-Mueller,East Alexfort
MER50XPYU7N1000,"Brown, Bradley and Ramirez",West Jasonside
MER511EEFKLZHKB,Robinson Inc,North Jennifer
MER517X8MF1BGJW,Brock Ltd,Port Heather
MER51D0FAY9Z490,"Mitchell, Hatfield and English",Shawnfurt
MER51FS5BFYJ71I,"Knight, Rollins and Williams",Marychester
MER51WAL2ASFQ9O,Watson Inc,Buchananside
MER51WWIYX77EEC,Morgan Inc,Parkermouth
MER51ZK1HTJ1BJP,Johnson Group,Jessicashire
MER5259F1F2NR0I,"Mooney, Myers and Franco",South Nancy
MER5260IM0I29Y8,Crane LLC,Markborough
MER5284SUXHD16Q,Nichols Group,Lawrenceport
MER52QE1N8T7TOB,Juarez Inc,East Dakota
MER52SB3OOYWGGX,Dougherty-Myers,North Kimberly
MER52V5U0B72AME,Olson Inc,Emilyland
MER537QA450CORQ,Yoder LLC,Stephenstad
MER53NEVVCEAFPT,Cox PLC,Gardnerview
MER53P7CP65UYUN,Gonzalez-Wilson,Lake Jacqueline
MER53WXZCWUB16E,Ibarra-Neal,Kruegerstad
MER544A4S2TQGJ1,Miller and Sons,Port Richardfort
MER548KFNWIX44L,"Evans, Hamilton and Benson",Port Virginiaburgh
MER54GLTQW4M5XB,Goodwin-Jones,Kevinhaven
MER54IVHKO1WA75,Clayton-Williams,Bradleyport
MER550ZPPSSUQ3V,"Irwin, Hughes and Sutton",West Kaitlyn
MER555E1GWM5VO0,Myers-Daniels,West Michaelfurt
MER55ITJH8LSYRI,Tucker Group,Lake Joycetown
MER55PEI8160JAE,Adkins and Sons,Port Joseph
MER55VJAR5DCURL,"Blair, Jackson and Young",Claytonside
MER55XH3OUHAIAT,"Sandoval, Day and Trujillo",Port Sandra
MER55ZZN2F2W0JD,Gill-Clay,Port Eduardo
MER56HDL3DY268V,"Bell, Powell and Martinez",Sanchezport
MER56IZIDSOMKYC,Taylor-Wiggins,Port Margaret
MER56K1JXICV8ST,"Hernandez, Brown and Stuart",Smithport
MER56QOU19L30UT,James-Mcpherson,East Katie
MER5715RT7QQK4R,Collins-Jensen,Garyton
MER577JU21YGLBV,"Stewart, Shelton and Vargas",Jonesbury
MER578QGF63FXQT,Petty Group,Jamesview
MER57JA2U8N3VCO,"Coleman, Hernandez and Singh",East Michaelborough
MER57MT8ZLKXNMT,Hunt-Monroe,Dorseymouth
MER57O2FJU8OJSW,Myers Group,Sanchezport
MER5811RKYAECJ9,"Foster, Wilson and Harvey",Lake Benjamin
MER5870XE4LLQB8,Blankenship-Clark,Cochranshire
MER58BNH7CJX8YE,"Smith, Valdez and Clark",North Rebeccamouth
MER58JVV7D5SXTS,Roberson and Sons,Malloryview
MER58ZOJ0AUGKYZ,Stark PLC,Joannastad
MER590EPP53F47O,"Kerr, Miller and Roberts",Jenniferview
MER59DVXFUXVJFH,Wilson-Sandoval,Leechester
MER59I5P5H1OUJ9,Jenkins LLC,Blacktown
MER59MVZKYWQ8EC,Lin Ltd,Lake Jeffreyland
MER59VMF7UU1B30,"Castillo, Rivera and Nelson",New Markfort
MER5A8V3LWTMKD8,Shannon-Rivera,Lake Phillip
MER5AI7C9G38VU2,Shaw-Macias,Caroltown
MER5AKAVUZ4I7O6,"Garrett, Reyes and Lowe",East Jacqueline
MER5APX0A9N5Y0S,Wallace-Marshall,Stephaniehaven
MER5AXB8LKHO47M,"Farrell, Stone and Walker",Sellersport
MER5B0WTW1MSUSB,Stephens-Black,North Charles
MER5BFTM2WCWTIO,Scott-Patton,Port Josephport
MER5BMJVFBN4P04,"Roberson, Clark and Davis",Amberview
MER5BO4YXW890MW,Lindsey-Luna,New Rebecca
MER5BONI3B5AB2J,Brown-Cox,South Cassandrahaven
MER5BQU2N04CDZ7,Hicks-Farmer,South Jason
MER5BXWQXSAVP09,Kim-Foster,New Sherry
MER5BZXIADL2WEK,West Inc,New Christopher
MER5C61OGKQT9N9,"Craig, Clark and Cruz",North Jonathanfort
MER5CPY2C2TAMF4,Parks-Chandler,Lake Biancahaven
MER5CTYXI2JI6CX,Gross PLC,Ethanview
MER5D4CKP3X6FA8,Goodman-Olson,Peggyview
MER5DG2DGWWM792,"Jones, Hartman and Williams",South Marissa
MER5DQUM92LEVSU,"Tucker, Thomas and Potter",Richardfort
MER5E51KRO6WVVD,"Roy, Johnson and Yoder",Peterton
MER5F9ZB8C990LN,Meyer LLC,Kathyport
MER5FKFJNG0K585,"Simmons, Hull and Smith",West Gabriela
MER5G16LB55DFDK,Woods Ltd,South Michaelfort
MER5G6WH2XSECRT,Price-Henry,New Stevenshire
MER5GLADQJ61W75,Moore and Sons,Billyburgh
MER5GV5KKGY24UC,"Owens, Richardson and Garcia",North Davidburgh
MER5H94X6K9AA7R,"Johnson, Kline and Everett",Fordmouth
MER5HKRCBX1AVWZ,Watson-Aguirre,Hickmanmouth
MER5HSCZPD4009V,Burns Group,Port Matthew
MER5HSHRPAKT3HY,"Baker, Meyer and Mora",North Michaelburgh
MER5HSZLJ2ADPBI,Cervantes-Hall,Kyleville
MER5I527L0X2GD0,George LLC,Christophershire
MER5IF3WYC7DCQO,Nguyen Inc,West Anthonyview
MER5IGH54G6CM6C,"Pearson, Buck and Stewart",West Jennashire
MER5IMWRQGH0T61,"Howe, Miller and Nunez",North Pamelashire
MER5IS13O5LLSXU,Hoffman-Myers,South Maxwell
MER5ISSA46PC9DW,"Ewing, White and Tucker",Robertstad
MER5IUYX1Y7TL9U,Espinoza-Bryant,Nunezchester
MER5J06A0WWPWLZ,Ball-Brock,Lake Autumn
MER5JCM6YEZEWIN,"Wood, Walton and Strickland",North Elizabethmouth
MER5JCMV7HAZ1YP,Beard-Weaver,Lake Hunter
MER5JD9SMJIV5HM,"Andrews, Davidson and Tran",Troymouth
MER5JL0HWMQ40X6,Everett-Moore,Port Shaun
MER5JOJ3OCLLK1A,"Williams, Haney and Mckay",Lake Robinshire
MER5JSC8JC5LZZD,Taylor Ltd,New Terri
MER5JX81U70XNA0,Foster and Sons,Kleinport
MER5JXVMI8VX1YL,Norris LLC,Lake Gabrielberg
MER5K3RIFOHYUFJ,"Hurley, Harrison and Reeves",Alexisberg
MER5K6DOXQ3NLGW,Williams-Cameron,Davidsonville
MER5KGGDHNM0KUX,"Hill, Leblanc and Phillips",Port Robinside
MER5KY6749E24YZ,"James, Liu and Rhodes",Laurieville
MER5L4GKB54YJKJ,Wright-Nguyen,Rogerschester
MER5LGBH27I3HW0,Ayers-Snyder,New Jennifer
MER5M8IVS9KAJOT,"Murphy, Craig and Smith",Jacksonmouth
MER5MCYNNVCQ9I6,Garcia Inc,New Williamton
MER5MFHP6YUJ7CR,Hart-Medina,North Deborahside
MER5N7WIJ1HTG8X,Rivera Group,East Saraburgh
MER5N91DA9UHK3K,"Stewart, Wyatt and Stevens",Port Joycefurt
MER5NL6V89X929C,Hunt PLC,South Michaelton
MER5NXMY8SDHQH3,Walker LLC,East Mariamouth
MER5O44XNTOLCJR,"Coleman, Burton and Todd",Michaelhaven
MER5O6P7CFBH45X,Hernandez PLC,New Michael
MER5O73KQOLFA9X,Schroeder PLC,West Jessicaton
MER5O7O5CJQWI3U,Curtis PLC,West Joshua
MER5OD0LSOYL0TB,Hernandez Group,East Stephaniestad
MER5OQOREZMOORH,"Cook, Burke and Tran",New Oliviamouth
MER5P4BRUGLB0SV,Stewart-Morrow,Veronicaberg
MER5P5LQFJADXNA,"Mitchell, Huff and Smith",Rodrigueztown
MER5PFG922C7PDA,"Young, Sosa and Olson",Port Samuel
MER5PINWZ78BO3O,"Mclaughlin, Bowman and Brown",Reidville
MER5PJTFWDYVP0L,"Gonzalez, Fuller and Henderson",Underwoodfort
MER5PTF26IYBG6S,Hall-Campbell,Jonathanhaven
MER5Q06LJT6I5X2,Doyle LLC,West Mary
MER5Q3YJDPFQZMP,Coleman-Boyd,Catherinechester
MER5Q45RT6HW0EI,Chung and Sons,Schneidertown
MER5Q493R7CZAQU,Hughes Inc,New Anna
MER5QBA3G7YKRPQ,Archer PLC,New Kevin
MER5QHAHQLUGLR8,King-Rivers,South Robert
MER5QLVO6D5R5TY,Smith-Moran,Brittneyport
MER5R54EKNPCIEL,Cross LLC,Port Katiehaven
MER5RB2TI13W7NQ,Campbell-Gordon,Mooreberg
MER5ROLEZ5P4AP5,"Marquez, Thompson and Medina",Perezchester
MER5RWDEE815GYC,"Hodge, Carney and White",Lake Jenniferburgh
MER5SCOJ04KBVYR,Smith-Holmes,Matthewborough
MER5SNTGOUXRKUP,Byrd LLC,South Reginaldview
MER5SUIY839EZWV,Dawson-Wright,North Carolchester
MER5SZ1697YB7IH,Harding-Wong,East Catherinehaven
MER5T29ZJVEUHWU,Vincent Inc,North Craig
MER5TF3KJ28U6F5,Fowler-Francis,Weekston
MER5TW9WER4F98F,"English, Hopkins and Griffith",South Bruceburgh
MER5U9NVQWN22AM,"Reese, Green and Martinez",South Ronaldtown
MER5UR2E3WH18YY,Mcguire Inc,Arnoldfort
MER5UXRPVPGJE8D,Short and Sons,South Sandraport
MER5V1DF813QM43,"Davis, Martinez and Thomas",Schmidtbury
MER5V3VDJR9JJNK,Fleming-Sullivan,Jonesberg
MER5V9ZHXUPGGPB,Harrison Group,New Caroline
MER5VAUF3O1KSIG,Hebert-Carr,Brendaton
MER5VVO5K1MJFU5,Wells and Sons,North Christy
MER5W3I391FMTPK,Smith-Pacheco,South Christina
MER5W46B71V8J0T,Miller LLC,Markton
MER5WMGMZ7HM08N,Klein LLC,Millerburgh
MER5WN1GT7UITQ6,Carter PLC,Thomasbury
MER5WUI4R5ZZEEQ,Smith-Lowery,Turnerport
MER5WVM75YJHO0K,Ray and Sons,Emilyshire
MER5WX8XELOF5A7,Short-Boyle,Robertside
MER5X1HH0J5MWLN,Gonzales PLC,Bakerchester
MER5XCLS8DAP91H,Weber-Herrera,North Josephmouth
MER5YQRLJ7JJ0QP,Smith PLC,West Dennis
MER5YZISXUUTGYC,Lopez Ltd,Lake Juliechester
MER5Z0BJX4LGZLC,"Mora, Mcmahon and Lee",Port Elijahland
MER5Z6QCF60ZYA4,Soto Inc,Wallaceville
MER5ZHWZ6L1U1TM,Gray-Walker,Jacquelineville
MER5ZS9J53SK9NW,Hamilton and Sons,Port Tanya
MER5ZX24C2KQ4U2,Miller Ltd,South Perry
MER601O85PV9PNB,"Hooper, Johnson and Vargas",North Christineshire
MER60NPS764KRS7,Salas-Nelson,New Stephenfurt
MER61G1XVQGHLO8,Bentley-Newton,Woodardview
MER61JMOG0TTFGB,"Turner, Cox and Miller",East James
MER61ZBVUTW3ZHJ,Powell-Ford,Kyleshire
MER62R4REF7L553,Brown-Gibson,Candiceview
MER638CWEZOMWFJ,Torres PLC,Kristinaburgh
MER63J7RN8YUB6F,"Holland, Hunt and Brandt",Petersonside
MER63MK9OOQ5K8E,Conner-Martin,North Kristenfurt
MER63S3OAQ0OEJZ,"Garcia, Bridges and Rhodes",East Robertmouth
MER640QAFJVLQAK,Gomez-Warren,Acostatown
MER649PE8LT9UG0,"Holmes, Black and Beck",Donaldport
MER64B6J6IJAWH1,Campbell Inc,South Vincentshire
MER64E2K6IDQN7V,Ford PLC,South Stephenbury
MER64GDMG3LGOJO,Navarro Inc,Jayfurt
MER65FA1O3Z9UPW,Friedman-Gonzales,Austinberg
MER65I1AXA6EML4,Flores Inc,Wilkinsonberg
MER65JMNT9J2SVV,Larson-Salazar,Amandaview
MER65RVZ0Q47VUE,"Brown, Wilkerson and Winters",South Shannonville
MER65WSV12TJLDN,"Walton, Valdez and Crawford",Port Arielland
MER662Q1GG227X4,Martinez-Wallace,North Zachary
MER66K3SUCRBZWD,Parker-Braun,Davidchester
MER670K5OVW0BSA,White-Barrett,East Amandabury
MER675VX5EUS223,Garcia-Rodriguez,Robertton
MER67QJN8Y10Q4B,"Scott, Harvey and Mendoza",Jacksonburgh
MER68D2T7GX1IUB,Ford-Davis,South Anthonyfurt
MER68MS7X7YZ5IA,"Martin, Saunders and Molina",Joshuaborough
MER68R7DQ4Q3LLD,Howell LLC,South Jessica
MER6922VDA8UJ9E,"Duarte, Lee and Tucker",Taylorbury
MER69ACV4SUBDUB,Holden and Sons,Jasonland
MER69F32LZZOEZI,Coleman and Sons,Andrewport
MER69KJBMYB7QHT,"Simpson, Daniels and Nelson",Lake Michael
MER69QW9P6E0P8H,Stewart-Miller,Tanyaberg
MER69SH7O358KSR,"Sullivan, Rhodes and Brown",East Geraldside
MER69VH7CNHT1SG,Wyatt Group,Lisaberg
MER6A9SMYESX9YO,Lawrence Ltd,Lake Taylor
MER6AI8FMWKHE71,Suarez-Pearson,Danielsfort
MER6AQUN2K38HGE,Arellano LLC,New Stevenport
MER6AVKJBGHIU9Z,Crawford LLC,Madisonland
MER6B95I8RHX2Y8,"Lane, Strong and Smith",Curtismouth
MER6BFZRUBK1CUQ,Hudson Inc,Chavezberg
MER6BHDTKK0NKCT,Stuart and Sons,Christianburgh
MER6BOZFO788LSB,"Lopez, Bates and Munoz",Port Christopher
MER6BVE2UOPTVW3,Jones PLC,New Robertborough
MER6BWBVKBP9US7,Lee Group,Lake Theresafort
MER6C3WTEBQ3UZL,"Holmes, Nelson and Baker",Thomaschester
MER6C6MTHH69HV0,Anderson-Vasquez,North Kelli
MER6CN5U3ZZNS14,"Burns, Martinez and Le",Lake Ethanbury
MER6CO48EE2ANM2,"Johnson, Zuniga and Stevens",Port Ashley
MER6CU0ROVCGQIM,"Conner, Boyd and Thomas",Lake Austin
MER6D1534DJ5OFC,Griffin Inc,East Jamesmouth
MER6DAIT14IAAEL,Harris-Mckinney,Austinton
MER6DX89QRF2P84,"Perry, Sampson and Jones",South Christopher
MER6E1FM9LL26VF,"Elliott, Buchanan and Simon",Bryanberg
MER6ETH3WAEUHQ4,"Hudson, Howard and Carpenter",Lake Rhonda
MER6FDJ2IQO9B5X,Barton Group,New Rachel
MER6FRG3TMAK2SC,Keith-Montes,West Christopherside
MER6FT05B03QELU,Rollins-Flynn,North Alan
MER6GCQDNJX6RZL,"Le, Rodriguez and Mcdonald",Rhondahaven
MER6GE8PS9LFXLL,"Lee, Gonzalez and Lambert",Allisonstad
MER6GGRDM7Q556R,Tate-Weeks,Susanburgh
MER6GHAC5LPVQW2,Williams PLC,East Veronicahaven
MER6GVKBF5VOSGI,Mcbride-Black,Taylorburgh
MER6GW5AM1P2B4T,Wheeler Group,Port Bradley
MER6H69NV7HINYU,Ford LLC,East Erik
MER6HML7V6UNIRR,Kane Inc,New Philip
MER6HUWLT420KJI,"Lee, Cannon and Barr",Port John
MER6HY7CH7PTEOF,Bradshaw Group,West Robertville
MER6K50F5KZUKAO,Lee LLC,West Heidiburgh
MER6K5ZVXYEVO3G,Hodge-Cross,East Elizabeth
MER6KHUU6AN8WU5,Arnold Ltd,West Robin
MER6KKCDUTO6TRG,"Herman, Marsh and Rivera",Sarahport
MER6KQP4T40H4C6,"Greene, Parker and Cherry",Christopherstad
MER6KW5T9RUVBO2,Williams Ltd,South Kathy
MER6L3WKR4ZE0OD,Small PLC,Lake Donaldview
MER6L6QDEXLQYR1,Stone Inc,Stokeshaven
MER6L7CH04SCZML,Butler-Parker,East Dana
MER6LJ18OTSUSM5,Preston Ltd,West Brent
MER6LJOCA550BN4,"Hernandez, Hernandez and Evans",Hayesview
MER6LQEKBA18FGK,"Lindsey, Perez and Williams",Cervanteston
MER6LSULW67GFU4,Schultz PLC,West Craigville
MER6M4KWD4YT5BD,"Alvarez, Graham and Dixon",Adamfort
MER6MPFO2PAMUV1,Griffin Ltd,Port Brooke
MER6NGR7MVIFKX6,Morton-Martin,New Angelica
MER6NK39YWRZPLU,"Parker, Simmons and Moran",Port Stephanie
MER6O43TT72GIZT,Walsh Inc,Harristown
MER6OGTU50KDDD9,"Bryant, Watson and Anderson",Smithborough
MER6OM3L554MFG7,Smith LLC,Lake Judy
MER6OQ8NPESNQ85,Chaney Group,North Christopher
MER6Q1JKBT1IMZB,"Cisneros, Collins and Hernandez",Christiestad
MER6QH5JUAZWBNG,Moore Ltd,Port Davidtown
MER6QJ0VURYY52V,Carroll PLC,Sandovalmouth
MER6R3XQGDK3KFM,Daniel and Sons,New Victoriamouth
MER6R9NJRFTXGOA,"Gates, Robinson and Murray",South Randall
MER6RD5BIMK1SXZ,Pace Ltd,Nicoletown
MER6RDQBL9MQC7V,Reyes-Burton,South Shannon
MER6SYZ5T1CTPR2,Parker Group,West Julie
MER6TBYM3988LK7,"Hoffman, Graham and Burke",Robertsonshire
MER6UJVP4BIDNXI,Chavez and Sons,Lake Rebecca
MER6UOB80UTMO9F,"Mendez, Weiss and Anderson",Port Laurenmouth
MER6UODN92PYDI0,"Green, Riggs and Ramsey",Maryfurt
MER6UUBJJG1ZXBU,"Perkins, Vega and Wood",New Lisaton
MER6W6MIQHJEEE6,Morton-Marshall,Rodneybury
MER6WGOAWSCTCN5,Lewis-Young,Port Josephside
MER6WL3T56IE9H4,Walker Group,Wilkinsonfurt
MER6WLDU0R5AOR5,Guerrero-Stanley,Millsmouth
MER6WOHA2BUZTEJ,Mccullough Group,Lake Frank
MER6WP0UFX7IMFL,"Chambers, Mack and Bender",North Shane
MER6WW5ENOA63GK,"Monroe, Carroll and Harris",Ashleyland
MER6XJQQL9JTDV0,Long Group,Port Benjamin
MER6XP59Z1GYNM7,Perry-Reid,Suarezview
MER6Y3W1XVGJ588,Nelson-Russo,Angelaside
MER6Y9TJ7PBBPID,Casey Inc,Kingmouth
MER6YEJ8Y5QW07B,Cruz Group,Russellmouth
MER6YKZ093I0L7W,Coleman-Shaffer,West Christophershire
MER6YOZK9XCHHQO,Daniel PLC,Devinmouth
MER6YUUA2FSWYI9,Henderson-Lewis,South Stephen
MER6Z7XJ9AF61G5,Deleon-Hernandez,Dodsonside
MER6ZZU8AW0KGZ5,"Barnes, Williams and Williams",South Nataliemouth
MER6ZZWXPULOB7G,"Sanders, Meyers and Jackson",Anthonyborough
MER706D7UMUXF11,Alexander-Shannon,Julianburgh
MER70JUK8EZ8PL0,"Kennedy, Ramirez and Henderson",Annside
MER70VQX5G4TX41,"King, Chavez and Hall",Port Christopher
MER7145DYZSGGKR,Mccarty Ltd,Kevinside
MER71D960GPOMNA,Mathis LLC,East Lauren
MER71G9426SJ55Y,Beard-Johnson,Martinezport
MER71KDJQLOP7DY,"Stafford, Martinez and Jennings",Mcmillanhaven
MER71OEXSIWMZ33,Rhodes-Carter,South Chad
MER71RHHREZN5HK,Mccoy-Townsend,Davidstad
MER7201A50Y662G,Stuart LLC,Michaelland
MER73V6Y4T08COU,"Harris, Santiago and Woods",Luisburgh
MER7414EUKUY97Z,Chapman and Sons,Meyerstad
MER74802VO0YNU1,Parker and Sons,East Miguelfort
MER74G5GOO5STAD,Sanchez LLC,Port Patricktown
MER74PRDSZTPI2R,"Forbes, Taylor and Martin",East Stevenmouth
MER74RYR1CWIES3,Griffith PLC,North Barbara
MER74XQ6P41Z8ZN,Rhodes-Cooper,Andersonton
MER74Z2O3ANR1OR,Burton-Schmidt,Holmesstad
MER75EP2RSYHTZB,"Edwards, Gomez and Mayer",West Stevenville
MER75FSWSVNSCNN,Johnson-Petersen,Lake Lesliemouth
MER75OL1IRXN9ZD,"Newton, Norton and Johnson",New Wanda
MER75TBHSUUA37Z,"Richardson, Rose and Sanders",Lake Lorichester
MER762LXADI6OVB,"Schmidt, Gardner and Barber",East Cassandra
MER76N9M561CLRH,Rowe-Henderson,North Stephanieville
MER76SBP2EXR3UD,Summers-Ingram,Lake Jeffrey
MER76ZTKWG54304,Vaughan-Hernandez,South Joshua
MER775MC8R4M507,Olson and Sons,East David
MER77WFDYKYCWO8,Gray-Hunter,Lindseyhaven
MER789FVBEDLSBQ,"Moore, Frank and Rivera",South Brianfurt
MER78SJAHGKRULB,Mathews-Richards,Lake Kendraton
MER792WKSG554LT,Hartman Ltd,Cherylmouth
MER794IDBVSUARL,Nelson-Francis,Pricemouth
MER79HP3I8U6J53,"Smith, Weaver and Lawson",Delgadoville
MER79LZBCCVAPED,Carpenter Ltd,South Megan
MER7A4M8XIZ4JS9,Mullins PLC,Kemphaven
MER7AVPJ4SJQKOU,Hubbard-Wilson,Angelaland
MER7AZ672ALGH4B,Berry Ltd,Tammytown
MER7B4WWIQBY68L,Johnson-Cardenas,Stephenshire
MER7B8XV6BCIB0O,Kim Inc,Monroeview
MER7BBJY173M8ZE,"Sanchez, Mcdowell and Cameron",Abigailport
MER7BM32935U93W,Austin-Wright,West Davidbury
MER7BPZIX32O44I,Drake-Lambert,North Scott
MER7BSALNBHMFLK,Petty-Richardson,Beasleyland
MER7BT61SESOVEB,Williams PLC,Welchborough
MER7BUQD0NJ98X5,Rodriguez-Knight,Lake Anthonyview
MER7BX55TLSSAGS,Rubio Ltd,Port Scott
MER7BXC8ZG4CV8X,"Anderson, Romero and Trujillo",New Crystalfurt
MER7BZZPTMTGREZ,Grant-Burgess,Johnstad
MER7C4TWOIHKY3T,Cook-Calhoun,Lopezborough
MER7C9ZDCS7IG83,Mcdonald-Williams,Lake Kathrynton
MER7CE599EIZS79,Hart Group,South Mathewville
MER7CLBX0I9IPF5,"Anderson, James and Johnson",Troyshire
MER7CMTT72A1FJ3,"Dillon, Wilson and Montoya",East Kyle
MER7D2DYJCOUNL1,"Ellison, Griffin and Meyers",Port Jean
MER7D5EYW4NCG9Q,West Group,Richardborough
MER7DB8F87QVWN4,Guerrero-Martin,Mayerborough
MER7DE21Q6G883N,"Vazquez, Stone and Dorsey",Garnerchester
MER7DMN3CIKBADR,"Flores, Brown and King",Samanthaville
MER7E03DSSQCEYR,"Wright, Shannon and Arnold",South Angelatown
MER7E2KV2C6UYSJ,"Garcia, Pierce and Miller",Johnsonport
MER7E2RKWCERE6O,Johnson-Rodriguez,Dickersonton
MER7ECQ01NT3FLM,Thompson Group,Barbaraview
MER7EKVJSG1CN3F,Rowe Ltd,Hallfurt
MER7EQ0R3T81G44,Hardy-Williams,Gonzaleztown
MER7ESQ9LK6MK6O,Allen-Valdez,Martinezbury
MER7EVOEDISMMTZ,"Simpson, Palmer and Pearson",Mooreside
MER7EXMJY6HHETH,"Cowan, Peters and Ramos",Lake Jacquelineview
MER7F7TGJG18TYP,"Lee, Ramsey and Rose",North John
MER7FIRF5MYMAIB,Campbell Inc,North Bryce
MER7G1362XWNQRP,Ryan-Powell,Rodriguezport
MER7G281OUBITC2,Smith PLC,Michaelbury
MER7GA1GX9Q8O0Q,"Erickson, Hines and Webster",Mcphersonburgh
MER7GMAGZNX7K9T,Adams Ltd,Jerryshire
MER7GNGXGA8GEWH,"Marshall, Byrd and Friedman",Timothymouth
MER7H1RMZ02ZZCK,"Wood, Barron and Cameron",South Sandra
MER7H3JHQ2A8V8Z,"Santana, Roy and Kim",Reyesside
MER7HAKWQAHBDHH,"Chambers, Rivera and Joyce",East Tiffany
MER7HDI79R76PEY,Neal Inc,Port Angela
MER7HEDU21B670W,"Evans, Lang and Zavala",Edwardside
MER7HL3BA2JYKE0,"Mayer, Norton and Foley",Rebeccaberg
MER7HNEXERAEN0B,Ruiz-Lewis,Andersonfurt
MER7HNMJIE6XUQB,Spence LLC,South Melanie
MER7HNOPZWZTMPP,Mullins and Sons,Jenniferburgh
MER7HNZA042YSBN,"Haynes, Graham and Bates",North Andrewland
MER7HUVDB00YD1O,Bennett Group,Youngton
MER7I2LGFVC610H,"Olson, Kline and Pierce",Churchshire
MER7I3017LO98RU,Santana Ltd,Evanmouth
MER7I7ECUI28QO8,Allen Ltd,Pettyton
MER7IF0Y6XSE639,"Ross, Hawkins and Shepherd",Port Darlene
MER7ILETLFJMPYM,Gardner-Brown,Morganborough
MER7IN7IQQ9BSW2,Perry and Sons,Ortegaborough
MER7IOXH5FPVORR,Carson-Cordova,Rickyhaven
MER7IXU1JKVNFI9,Acevedo Group,Lake Carlahaven
MER7J1GAZ9KBEA6,Schultz Inc,Port Christopherfort
MER7JNZK2RYMKNQ,Mclaughlin-Moran,Camposfort
MER7K18DBTVQ6EU,"Stevens, Young and Stewart",West Brittany
MER7K2SR88UFS97,Spears PLC,Palmertown
MER7K6WHX529ATY,"Kennedy, Thomas and Pena",Hillside
MER7KB970IM8936,Murphy Ltd,Lake Colleen
MER7KP7OAZR6B1X,Vincent-Moore,West Christinatown
MER7KYRHY41UDMB,Fernandez-Conner,East Crystal
MER7L4SJY3BS31Q,Edwards PLC,Hardyborough
MER7LJIX5BSXZXY,Carter-Williams,Orozcoshire
MER7M4DC6YLN7OB,Duffy-Harrison,Andradeberg
MER7N6KR8Y24WFZ,Adams Group,North Matthew
MER7NIW4155O80B,Meyer and Sons,Gonzalezville
MER7NSBVJ2QN0Z3,"Garcia, Jones and Moore",South John
MER7O9YSKMHJ1ST,Anderson PLC,Sonyabury
MER7OCEXTWE5H2G,Green-Brown,Deleonmouth
MER7OPJXI3UDWL7,"Scott, Hines and Griffin",Hullport
MER7P0ZOAPQHRUG,"Murphy, Henry and Pierce",Jonathanhaven
MER7PKHZCMRQEF0,"Alvarez, Robinson and Walker",New Dwayneport
MER7PWYOLJO1XZW,Armstrong-Jenkins,Calebport
MER7PZG33W6VX6I,Floyd-Day,North Jennifer
MER7Q3U9XT0CDOK,"Brown, Poole and Byrd",Richardbury
MER7QLN5NS8M5DL,"Barber, Stephens and Martin",North Scott
MER7QMFTE8UBI4O,Zamora Ltd,New Timothyborough
MER7QRVGY4JQOVO,Rodgers LLC,Lake Mary
MER7R22UH5HLZ87,Bowen and Sons,Port Emilyview
MER7RDOHTAORDAQ,Cardenas PLC,West Jeromefort
MER7RK3VY8VAYUB,"Wolfe, Wallace and Young",New Josephberg
MER7S8GLD78KNHC,Watson PLC,North Jamesland
MER7SCD83Z7XY1Q,Anderson Inc,Brianchester
MER7SCZ548B80DD,Torres-Farley,South Malloryburgh
MER7SNOPLES41E2,Williams-Hall,East Gregberg
MER7TFQ4E8XTD53,"Copeland, Woods and Scott",Mitchellton
MER7THJ2GO1545A,"Wilson, Rhodes and Anderson",Garciafurt
MER7TQ9TZU9GA3H,Harris and Sons,Millerview
MER7TW8KLF8TPIC,Jackson Ltd,Gambleview
MER7UCDQIPT90Y7,"Smith, Tran and Miller",Lake Jacob
MER7UK84F74L49L,Thompson Ltd,Richardville
MER7V4JKP7RBQW4,"Richards, Sloan and Richards",East Philipland
MER7V64ZN5GZ96Y,"Wells, Bray and Thomas",North Wayne
MER7VDYTE50I4YV,Parrish LLC,Lake Joseph
MER7VQZ7WZVDKIK,"West, Dunn and Trevino",Harrystad
MER7W1HBW79064G,"Cline, Hayes and Cooper",Marialand
MER7WRFU18ROBUS,"Salas, Morris and Kline",North Saramouth
MER7XABZO3724NE,Conway LLC,Powellville
MER7XBTCQIBB89V,Gonzalez Inc,Toniport
MER7XJQWAH186WF,"Hill, Fisher and Rich",Ashleyville
MER7XO8LKAYCCFG,Powers LLC,Thomasmouth
MER7Y6XXRDUCG63,Hernandez-Mitchell,Dunnchester
MER7YBAX6KB05R7,Johnston Ltd,North Lonnie
MER7Z088GBS8830,Murray and Sons,Howardmouth
MER7Z24JVII6OTV,Davis PLC,Lake Chad
MER7Z9AR3TZA6G8,Thomas Ltd,South Judychester
MER7ZAQNJZLEI7N,Schwartz LLC,New Lauren
MER7ZPJOQ381H35,Ewing LLC,Davidtown
MER7ZTUCDZ5NUOG,"Brown, King and Hunt",Samuelburgh
MER7ZVU1R33ECIE,Hicks LLC,West Kevinhaven
MER803COTX974TC,Kelly-Adams,Alexisbury
MER807E0JO17C7C,Garcia-Lawson,Williamshaven
MER807HE7SPGOUL,"Martinez, Miller and Gibson",Elizabethburgh
MER80IM7ZJ1JDAY,Obrien-Waters,Port Priscilla
MER80KM6SRQITVH,"Kelly, Rojas and Miller",Rodriguezshire
MER80MNSCUWML0X,Roth and Sons,Lake Kimberlyshire
MER80VB3FQ63QU7,Harris-Dennis,Jacobport
MER81IQT2LXMFS6,"Hooper, Watson and Hernandez",East Sara
MER81MOK5JR3O4R,Campbell-Castillo,Taylormouth
MER81T5OUEZCR7C,"Castaneda, Lucas and Coleman",North David
MER827YI4VYJ0ST,Thomas and Sons,Camachostad
MER82FB6ZB46996,"Mooney, Hart and Banks",Averyville
MER82G0P60VIZ9D,"Turner, Mccullough and Thompson",Port William
MER82ROBB6PQ4LF,"Hall, Park and Taylor",New Amanda
MER82TDJGZAWAK6,"Anderson, Morrison and Dixon",Moranberg
MER82U6IOMADQFP,"Fisher, Scott and Schmidt",Reynoldsberg
MER8301D07NKXYF,"Bartlett, Hanson and Odonnell",Adamsside
MER8382JMWYVY21,"Ray, Shaw and Burns",North Nicolebury
MER83BOXCXQ6EVW,Joseph and Sons,New Melissa
MER83F17QXIPLPI,Wood and Sons,Gibsonberg
MER83HSFWCXWYZ6,"Keller, Skinner and Martin",Lake Masonborough
MER83LSIRFSB72J,Conway-Flynn,Wilsonton
MER83M3SIZYITXU,Guerrero and Sons,Shepardborough
MER83YWUVCFSD8G,"Branch, Duran and Davis",Port William
MER849RMFXWZM6O,"Miller, Howard and Torres",Elizabethville
MER84EGCUI4O59X,"Herrera, Gomez and Reeves",Rileychester
MER853W2D3NSVZP,Pittman-Wilkins,Lake Thomasborough
MER857PZCL43QXT,"Myers, Edwards and Perry",Wilsonland
MER85F2G3EMISAU,Holmes LLC,Dannychester
MER85P3Z3HQ8ZSI,James-Collins,Port Rita
MER861TUY5B9WOL,Ryan PLC,Port Joel
MER86FPTPL706AD,"Mcdaniel, Baker and Dunlap",New Rebecca
MER86JD29TLTTLN,"Suarez, Oliver and Sosa",Jeffreyburgh
MER86JE3FTI28KG,"Brewer, Graham and Cruz",New Tylerchester
MER874DNQX7E5US,Davis-Lee,Reyesberg
MER877Z524CZION,Davis PLC,New David
MER87KOQ7OQB546,Marsh LLC,Lake Edwin
MER87O6MRFFEWUV,Lyons-Oconnor,Thompsonside
MER87U0G5W6RTE1,"Bowman, Myers and Weaver",Laurafurt
MER88H21M1RPIBY,Coleman Group,Nicholsonville
MER88TKLPXX1ALQ,Adams LLC,Longburgh
MER88TXRV5QOJ9W,"Mitchell, Jones and Brown",Palmerborough
MER896SM7BXCAOC,"Salinas, Vazquez and Ward",New Christopherchester
MER8AARUF47UKHL,Fernandez-Reyes,North Anthonystad
MER8AEJIG9N0LFY,"Decker, Aguilar and White",Port Valerieville
MER8AKNY1PHAN3W,Adams Inc,Port Ericchester
MER8B5PJD0PAMII,Pena-Clark,Avilafort
MER8BORSRG3MHVZ,"Martin, Hernandez and Brady",Gouldchester
MER8CCGM4ANRVDU,Morris-Baker,North Cindyview
MER8CCHWBCJQGHG,Kennedy Inc,North Candice
MER8CH7DZWT80MA,Rivers-Miller,Prestonfort
MER8CLLKJNSKEOM,"Rich, Alexander and Ray",South Nichole
MER8D8VWAC67LIL,Thompson-Evans,Sarahborough
MER8DOE71YA4Q5Y,"Schultz, Johnson and Herrera",Port Saraburgh
MER8DTA5QNLF675,Martin-Thomas,Samuelland
MER8DY223YVQ7SO,Vasquez-Owens,Herreraside
MER8E29YANRZG22,Roberts-Kidd,East Jenniferhaven
MER8EU9JCGLS9MN,Allen Ltd,Rebeccahaven
MER8EUMX54W1GQZ,"Roberts, Humphrey and Davis",Trevinomouth
MER8F7APU23P7B6,Lewis-Escobar,South Russellstad
MER8FB87XJAHN2A,Dixon Ltd,Raymouth
MER8FG9NJ1E6DTY,Martinez-Delgado,Sampsonfort
MER8G77EQTNWQ48,Rodgers-Lee,New Jeremystad
MER8G881GPSVJ1K,Hill Inc,Hillmouth
MER8GZ2BYTS6RQI,Garcia PLC,New Kimberly
MER8H0140P7GOYF,Anthony-Gibson,East Peter
MER8H4LV38IIMWO,Harvey-Quinn,Anthonychester
MER8HJ1FACQ64CX,"Salazar, Kramer and Owens",Port Charles
MER8I5OLK736FD1,"Davis, Bowen and Fox",Gainestown
MER8IGQLXS2GNDG,"House, Russell and Gray",Tomborough
MER8J8OOIWRTARE,"Moore, Rowe and Cameron",West Brandystad
MER8JPG32JE860S,Baird-Durham,East Michael
MER8JW0TL7318PR,"Fernandez, Rodriguez and Giles",East Feliciaberg
MER8K3A0SQCIVBP,Parrish-Miller,Vazqueztown
MER8KHWUGN81OGJ,Paul-Herman,New Randall
MER8KSUVCRA6062,Holland-Mcclure,North Emily
MER8L5ZQ2DXBY90,Vance-Griffith,Vincentburgh
MER8LS8MHUNHC1H,"Pena, Reyes and Stout",Port Randyville
MER8LT1EUFKMXA6,Carroll PLC,Lake Madisonshire
MER8LX440T0FT4I,Thomas and Sons,Frenchmouth
MER8M7D8LY0O99S,Adams LLC,New Rebecca
MER8MHI6CEFOYUC,"Ellis, Davis and Ellis",Gravesshire
MER8MJGILTFCW9M,Saunders Inc,South Sarah
MER8MP46HBZDF0D,Acevedo-Ellis,Kevinmouth
MER8NDB4L19ZWOL,"Roth, Goodwin and Meyer",East Derrick
MER8NKEVJE5QMZM,"Zimmerman, Johnson and Gomez",Martinezside
MER8NQTYC674H96,Nguyen Inc,North Jacobborough
MER8O4T7412HV6Q,Anderson-Bennett,New Lisa
MER8O8NNZMD9SQ5,Scott and Sons,Taylorton
MER8OJCYZAPKVC5,"Wright, Johnson and Washington",New Davidstad
MER8OL66ET8A6AS,"Hawkins, Knight and Davis",Lake Christopher
MER8OYOJKVSFIG5,Rodriguez-Ball,North Aaron
MER8PKPRA6NSRDS,"Sanchez, Williamson and Bryant",South Douglas
MER8PQS60DIXY4T,Hale and Sons,South Jeremybury
MER8PTHA5ID199O,Hernandez Inc,New Victor
MER8PZ5BVWZGUDZ,Kim PLC,North Sandraville
MER8QLRCIR11OFE,"Barton, Lewis and Williams",Lake Tyler
MER8QTF1L10MWG9,Baker-Black,Harperhaven
MER8R7I59CFIHVC,Hughes-Perkins,Richardstown
MER8RACSQQY88TB,Mcgee Ltd,Vegabury
MER8RKZY2Z88UFN,"Davis, Lopez and Morris",Benjaminfurt
MER8RLXMR9Z47ZB,Cortez-Collins,Michaelfort
MER8RUWLTDLM1HX,Soto LLC,West Adamstad
MER8S3ELOBOWO9D,Everett-Porter,South Jennifertown
MER8SHTGOWN087N,"Perez, Hudson and Hodges",Haroldhaven
MER8TBOV1DJSIR5,Mcdaniel Ltd,Pricemouth
MER8TCS1ZEUGO3L,"Pittman, Walker and Huerta",Mikefort
MER8TJDRC8CU478,Smith-Hendrix,New Lauren
MER8TNJ1ZTT142Z,Williams LLC,Andrewhaven
MER8TRWT38MOP2T,Vega LLC,Patrickland
MER8U39M9K0SXFB,Mann and Sons,Jessicaberg
MER8UHNDUSTWW1X,Williams-Pennington,Branchland
MER8USBCILJ32AU,Gonzalez Inc,Lake Leah
MER8V6UK7LNCSJO,Dickerson-Allen,New Frankstad
MER8VDOHC1TPRIU,"Rose, Kim and Waller",Jasonview
MER8VJQHTP872N9,Smith Ltd,New Tiffany
MER8VSBNFI8UW86,Price Ltd,Amystad
MER8W8S1Q8IQB11,Porter Group,North Patrick
MER8W99FEZ66EGR,Hughes-Cooper,Rachelmouth
MER8XM2BFFHU9ZD,Johnson LLC,West Lindaport
MER8XRRLLHG7L0X,"Reese, Richardson and Hopkins",Gardnerburgh
MER8YIDB2H2REHT,"Barber, Brown and Lee",Millermouth
MER8YKNJR0YSOFG,"Butler, Tran and Mitchell",North Jamiebury
MER90B040GDEYLR,Brown-Allen,Patriciaberg
MER90HEEOXN6NMW,Nguyen-Martinez,North Elizabethstad
MER90I2JM1LWX62,Mcdaniel PLC,Fisherchester
MER90JJ34UET20U,Jenkins-Bennett,Port Johnhaven
MER90XF0KL9X19D,Bennett and Sons,Mcguiremouth
MER91EKMEHAOYVA,"Haynes, Morgan and Whitaker",Kimberlyland
MER91P654VFWQ3F,Wolfe-Fleming,New Brandonfurt
MER92X30PK9DIVX,Keller PLC,East Kristi
MER93CAFN6715QD,"Banks, Aguilar and Daniels",Zacharyberg
MER93DX6EQQFJB3,Martin and Sons,South Elizabethshire
MER93E26TYQXOTR,Jackson-Reed,East Scott
MER93J07AR3QODE,Baldwin-Roman,East Angel
MER93PA4U96QVYP,"Wagner, Harrison and Wagner",Nortonshire
MER93VQCM4EPAMF,Beasley PLC,Lake Jasminemouth
MER93VTROI3KFNB,"Martinez, Cross and Sosa",Lake Michael
MER945BFJ7XF1AU,Nelson Group,South Alexside
MER94853M4GU9M5,"Henry, Holmes and Hicks",Lake Jessicaburgh
MER948FJCE4HEZH,"Patel, Taylor and Lee",Nielsenhaven
MER94JJH8FY01US,"Turner, Butler and Bates",Amandamouth
MER94Z8HX2O8O5W,"Williams, Garrett and Nelson",Moniqueburgh
MER950IGETWRAY5,Greer-Dennis,Ryanside
MER9549WCF7UV5N,Butler-Hunter,Maxwellshire
MER958F2EIL1CIQ,Baker-Thomas,New Jonathantown
MER958SQIREFA9V,Mack Group,East Edwardside
MER95HRGQ9QBNHW,Acosta-Williams,Shepherdland
MER95IXHMLYSG4E,"Noble, Bray and Cervantes",Pagehaven
MER960YMNEMGWYA,Johnson-Stevens,Port Aarontown
MER96C7D85V2FYQ,Barber-Ramirez,South Edwinton
MER96DKGEUOC34I,"Salinas, Garcia and Sherman",Wellsbury
MER96V7BEZK20ST,Wells-Guzman,Garciastad
MER979KQ10UCS5S,Gonzalez and Sons,Westberg
MER97N56BWIV80F,"Powell, Howard and Rosales",North Theresafurt
MER97YL3TGN77KU,Schwartz-Barker,South Terri
MER98L2NTB35G7H,Martin Ltd,Williamsborough
MER98NUANTWNAL9,Vaughn Ltd,Randallfort
MER98QBSQ44DYGF,Olson Inc,Port Nancyshire
MER996O996CPA2T,Rodriguez-Kennedy,South Ross
MER99C0GI9E9HYU,Palmer-Singh,Michellechester
MER99DUEPU4F77F,Brewer-Terrell,Thompsonfurt
MER99LR3YAVU8AL,Figueroa Ltd,Melissahaven
MER99UDMWEDVUD5,Rangel Ltd,South Meganside
MER99XC4WT2M1I3,Garcia and Sons,North Michelle
MER9A2WUHZMTOY7,Alvarez Ltd,West Kellyberg
MER9A376L9WOY65,"Kelly, Duncan and Burnett",Lake Tyler
MER9A4VIJSKC0OC,Conrad-Brown,Ramirezshire
MER9AVPUT5H2EY4,Gallagher and Sons,Melissamouth
MER9AZ1ZSNFS6X8,"Lewis, Williams and Smith",Phillipsmouth
MER9B9N3V8U619F,Henderson-Peck,North Kristen
MER9BCNPZF4EFQK,"Hudson, Miller and Martin",Jackville
MER9BGDXAA8HJDX,"Bailey, Miller and Hopkins",Loriport
MER9BNYSDLD1E0X,Huber and Sons,Frenchchester
MER9CHEI3T53C99,"Cox, Villanueva and Ray",Potterberg
MER9CXM0KB4QIIE,Horn Ltd,Lindseyton
MER9D5RQ1K1QK6V,"Williams, Brown and Garcia",Chadfurt
MER9DG9GXJ5V0CL,Griffin-Morton,North Ashley
MER9DHSFVOKDPWC,"Sims, Mullins and Deleon",New Corey
MER9DIZR2BBBIPW,"Sims, Gilmore and Owens",Garciaton
MER9DMUESLMTROK,"Gomez, Alvarado and Mccullough",North Jilltown
MER9DNB8SYS1AGH,Roth Inc,Smallmouth
MER9DT04CYZ2H09,"Brown, Lane and Knight",Rodriguezview
MER9EMCIXHIYGQ2,"Michael, Robertson and Buchanan",Scottberg
MER9FBNEOLXQDI0,Burns-Johnson,Lake Markmouth
MER9FM8B3O9L935,"Huerta, Fox and Hodges",West Michael
MER9G1WWA5YAZF1,"Bray, Miller and Anthony",Lake Russellstad
MER9G38B4X92K7R,Bennett-Thomas,Craigburgh
MER9G76KQOMQ7OJ,"Carter, Silva and Hall",Russellmouth
MER9GNZ4P3WSCC2,Harvey-Hill,West Kirkland
MER9GSC0OK35K2C,"Perry, Cowan and Vasquez",Lake Jenniferside
MER9GSVV1CJRPWL,Washington and Sons,Robinmouth
MER9GT3KXJM7WCK,Mcdonald and Sons,North Jerry
MER9HCP4V8FRF8N,Sanchez-Rodriguez,Susantown
MER9HO4ME7BDR7L,"Harris, Nguyen and Gonzales",New Daniel
MER9I4XKIAMK2F2,Watson-Cook,South Tarashire
MER9I5D2H8BF2EV,Lin Inc,Coffeyton
MER9I9FRO9YTDWI,Taylor Group,East Nicholas
MER9IKM47JHKKT8,Robinson-King,Jonathantown
MER9IQN7PAMBFNU,"Perez, Howe and Escobar",East Brittanyhaven
MER9IUYF49LCB79,Smith-Smith,Lake Janet
MER9J4N6PWTQOVS,"Gillespie, Jones and Hughes",New Catherine
MER9JIROBRLYPWO,Thompson-Gray,Patrickville
MER9JO65WZLE8HB,Hanson Inc,Christychester
MER9JSL2PL4IJZJ,Perez Inc,Barbaraport
MER9JYKHXSK2VMH,Estes PLC,Potterland
MER9K31PM0AIFT0,Elliott LLC,Port Karen
MER9KBMNZ0F8U5B,Rogers Inc,Christyview
MER9LHFP3RBZ5HJ,"Elliott, Neal and Charles",West Alexisside
MER9LVENPQ3TLZY,Hodges PLC,East Brandon
MER9LZVB5S3BETW,Nielsen Inc,Amyland
MER9MN9O5U4JRVZ,Fernandez and Sons,Port Johnside
MER9MSQ31HL96VP,Hanson-Wyatt,Acevedomouth
MER9NUF83MVBBU6,Day-Taylor,Port Cameronton
MER9O1Z2UHNLM0L,"Carter, Kelley and Goodwin",Philipshire
MER9O7PHWE00PLC,Bailey-Hicks,Priscillabury
MER9O9PH4HKUHKT,Black and Sons,North Davidmouth
MER9OCRXOL13S7Z,Torres-Davis,Lake Brian
MER9OHZ3ABEBQC3,"Fowler, Shields and Sexton",West Alexanderstad
MER9PLX92YBCYPA,"Murray, Ramirez and Gordon",Patriciastad
MER9PQ3LIRSBTFE,"Brennan, Lutz and Young",North Megan
MER9Q1UQ2EFDIXZ,Frost PLC,Maysburgh
MER9QCSWX7B9NOP,Curry Ltd,Suttonburgh
MER9R2K6Y8TQQOF,Thompson Inc,East Dawnmouth
MER9RC6IRO1CAV8,Deleon-Decker,Lake Heidistad
MER9RGMZGXV4Y0K,Aguilar Ltd,East Melissafurt
MER9RH429A8FMND,French-Smith,Stephanieview
MER9SF4H4T7TJLN,Bean Inc,Saraland
MER9SFW4BD1EAWN,Brown PLC,Lake Robert
MER9SHYWF97PUS8,Graham Inc,Pittshaven
MER9SNJK07WCVRU,Smith-Harrington,Port Jennaport
MER9T0DPNTJOF27,"Johnson, Barnes and Bradley",North Georgebury
MER9T0HL9TIZC3Y,Moss-Farrell,West Troychester
MER9T3G5ZBPYJ05,Drake PLC,Gatesland
MER9TL9W44JZY2S,Garcia Inc,Christophertown
MER9TVE2OVJQ8PC,Adams-Graham,West Brookeside
MER9TY6ZWTL9WPK,"Moody, Vincent and Thomas",West Christina
MER9UR0PSK77UGN,"Roberts, Steele and Roberts",Kaylamouth
MER9UZ7EPK0VBAM,"Dudley, Meyer and Mitchell",West Michael
MER9UZQAHJZH212,"Thornton, Burns and Lee",Markhaven
MER9VR0ECDFWPA2,Bonilla-Baker,West Robin
MER9VR55X4VNUNG,Daniel PLC,Wilsontown
MER9WIERMPGLMKS,Davis Inc,Port Heather
MER9WQFUE0QWXJL,White Ltd,Cantuchester
MER9X2SHZXZ8XND,Hutchinson-Kelly,Terrystad
MER9XBNRHLQ53VN,Hughes-Henderson,Riversside
MER9XD6GJH4QOEL,"Long, Ross and Clements",Saramouth
MER9XHLH18X95EB,"Gutierrez, Ward and Hanson",Leachstad
MER9XQA9G6IHYI7,"Rodriguez, Cooley and Henry",Matthewfort
MER9XRUQ5862XI7,"Cooper, Schmitt and Hamilton",Port Hollyhaven
MER9XW6PDUZD6I0,Lopez Group,Youngmouth
MER9Y2HU04XNJVU,Scott-Mcdowell,Shannonview
MER9Y3Q3UXXEBTS,"Castro, Dyer and Smith",East Patriciaton
MER9Y64JGWW6KPE,Baker-Weeks,Moorefort
MER9YAX1TAAGPSW,Neal-Martin,New Kelly
MER9YAZFG23E427,Rasmussen-Webster,Dayview
MER9YCA0RYC5FJJ,Rivera Ltd,Port Luis
MER9YF96UA5CWRF,"Arias, Davidson and Lawson",Elizabethland
MER9YPZ220RQP9O,"Jackson, Castro and Haynes",Warrenmouth
MER9ZPKY6DSR1HN,"Butler, Moran and Porter",Bushmouth
MER9ZXNUB4PZTGF,"Potter, Martin and Rose",East Justin
MERA03PCNFB7PRV,Hester Inc,North Sethton
MERA0FN1SDO53BM,Perez-Long,East Davidchester
MERA0LSJCDBQ9JP,"Thomas, Barker and Moore",Jasonchester
MERA0XSBQ131W03,Lang-Drake,East Shawnbury
MERA17OIVQWZZD6,Buchanan Group,Port Richardton
MERA1DM9OZNM85J,Wright Inc,South Michaelmouth
MERA1E84R7BEH8W,Lynch-Zuniga,Lake Justinburgh
MERA1OCNACWYQQP,Roman Inc,Jonathanfurt
MERA261LC2KUO49,Thomas Group,South Craig
MERA2ARUMRMZVQ5,"Ballard, Anderson and Martinez",Cooleyhaven
MERA2NX61DHLFUF,Bell-Joseph,Lake Mary
MERA2XSW4FDNND1,Smith-Bradley,East Melinda
MERA35U0ZPPM6WG,Jones Ltd,East Michael
MERA3QBDACL0FAL,Howard-Johnson,Darinton
MERA4WE95EZYB8N,Duffy-Lee,South Crystal
MERA5E6GM8Z42DN,Garcia PLC,South Luisburgh
MERA5MQL30LV026,Osborn PLC,East Melissa
MERA5RJSWJXM5EB,Patterson-Williamson,Wheelerview
MERA5ZT3A6Y6578,"Barnett, Gonzalez and Nicholson",North Steventon
MERA6GUFARNFO3U,Morrow Group,Gregoryview
MERA6WIYPJ5UXPO,Drake and Sons,Davilafurt
MERA80ANKHETOJ8,Mcintosh LLC,Lake Samantha
MERA84BS0FHZOU6,"Byrd, Neal and Downs",Danieltown
MERA856HBRKVAZ5,Smith-Bush,New Keithberg
MERA8EG2DNK11IW,"Durham, Collins and Dunn",Donnabury
MERA8J6O9I927VI,Estrada-Carpenter,Lake Bethanyfurt
MERA8QEN6V4C1PT,Mcmahon Ltd,Allenside
MERA8RQKCTCD221,Humphrey-Cobb,Reneeland
MERA8YYWTF52K07,Robinson-Pennington,Jamesberg
MERA9P9TFNHWWPU,"Johnson, Landry and Williams",New Stephanie
MERA9X81GSHL0LY,Freeman-Key,New Brett
MERA9ZB2DOY4PEB,"Jackson, Shepard and Black",Gomezburgh
MERAABKQNVK8X2I,Anderson PLC,Port Ralph
MERAACVZ92RAB7U,"King, Vargas and George",Mitchellshire
MERAAG1P60EMZLY,Watts LLC,South Angela
MERAAOZUKISPDDU,"Patterson, Potter and Smith",Lake Tiffanymouth
MERAB06MGGXYZIM,"Hickman, Campbell and Hinton",South William
MERAB8EG7XM0H35,"Thomas, Jones and Orr",Davismouth
MERABAVL91HVH27,Smith LLC,Gonzalesshire
MERABFBYA3G4DDG,"Jacobs, Mcdaniel and Wilson",Porterchester
MERABMNDP44U1R8,"Nelson, Jackson and Dennis",Blakeland
MERAC3HWYHOYLU5,"Obrien, Castaneda and Barron",Lake Rebecca
MERAC9DIA4YA8TD,Bennett-Bullock,Port Debra
MERAC9UIGO0KOO2,Reyes LLC,North Nathanshire
MERACG4XFYYSC5G,"White, Dyer and Simpson",West Wendy
MERACS43X8FO5AZ,Davis-Smith,Elizabethmouth
MERACXNXRJ7KQ4D,Reese Group,New Curtis
MERAD4HHEYJEVKC,James-Mcclain,Pierceborough
MERAD7PUXO3Q314,"Jordan, Edwards and Tran",North Carlos
MERADF7ZUC9ZEX5,"Bowman, Mclaughlin and Rios",Lake Rachelport
MERADIC1EAH7FZT,Davis LLC,Jonathanhaven
MERADOQXIOD152F,Gonzalez-Mercado,South Jasonberg
MERADRSIHWUXPXR,"Taylor, Ramos and Nash",Katherinehaven
MERADV7R7EOTJO3,Burgess Group,New Jason
MERAE5NX5R4H4LE,Graham LLC,Port Kelseyberg
MERAE816W77P6XC,"Wright, Marshall and Bowman",Josephshire
MERAEJSH0OBDDPW,Sullivan-Jordan,Mccormickmouth
MERAEM0JQ17SNIK,Hughes-Martinez,West Cheryl
MERAF5MGM6VDEUC,"Choi, Smith and Weaver",Stephentown
MERAF6S3WY569A6,Howell-Woods,Turnerside
MERAFSMMDRZPNKS,Watson-Chambers,East Gwendolyn
MERAFXRJ95ZH8YM,"Summers, Sparks and Lee",Vickiland
MERAG04AILYRHED,Stevenson Inc,Pattersonhaven
MERAG4XXA9X84E2,Cole PLC,Fernandeztown
MERAGABB3NJE9OI,Gray-Davenport,New Wendyfort
MERAGB4ZUHXSMUK,"Johnson, Hayes and Herrera",Lake Christopher
MERAGXUOSSIPXSV,"Nguyen, Cohen and White",Jeffreyview
MERAHFIA3OJ6IFD,Lewis LLC,Williamsville
MERAHJ4QA0SKEX1,Martin-Matthews,North Joseph
MERAHM927UUEI2D,Owens-Oneal,Lake Robinville
MERAHXGZQ8C5HG4,"Miles, Acevedo and Chavez",East Patrick
MERAI9QCWPBV1EW,Gonzalez-Jones,Kyleburgh
MERAIBYFAU4XY2D,"Carter, Mcdonald and Meyer",Michaeltown
MERAIEAN0PF6W54,Davidson-Patrick,Millerland
MERAIKFVO8HJ48U,White-Kim,Alexanderberg
MERAIQ79PAPHEO4,Chambers PLC,Port Shawnland
MERAJ2F73QTDVCN,"Owens, Davis and Richardson",Ashleyside
MERAJ5L73B4SXCY,Rogers Inc,West Alexshire
MERAJHTUWX9VE4S,"Smith, Baldwin and Webster",Norrisville
MERAJKZUTV9UGIH,Lopez-Beltran,Martineztown
MERAJW0RASJXN2C,Mclean-Williams,Westberg
MERAJW5E29I5DAG,Lucas Ltd,South Ricky
MERAK0LN71AS3NB,"Burgess, Edwards and Garcia",New Brandon
MERAK1KOMQU4D9X,Camacho-Russo,North Elizabeth
MERAK1PVVEDMLL1,Ward-Wright,Lopezville
MERAK3SS5V4EUVU,Pham Inc,Duncanville
MERAK3WK2LUORTS,Ward Inc,Lake Jonathan
MERAK6XJXPF3C6K,"Bond, Allen and Lee",Boyershire
MERAKPZZ43YECE9,"Guzman, Ortiz and Mendoza",Wagnerville
MERAL69IDPREVYQ,Vega PLC,Walkerport
MERAL8LSXWO4U27,Liu Group,South Ryan
MERALAQL6QUIXJQ,"Sanchez, Gardner and Phillips",Robinsonhaven
MERALF9XUJ6X3A4,Serrano Inc,New Jodiborough
MERALHV2SV56ULG,"Jackson, Johnson and Davenport",Kevinfort
MERALWJNNSLMYTD,Macdonald Inc,New Joshua
MERAM1519UPSNK8,"Beltran, Rodriguez and Parsons",East Samanthaberg
MERAM5YG5RDS7PZ,"Mercado, Green and Duffy",Bradychester
MERAMYPL5XDR53J,"Krause, Greene and Nguyen",East Marvin
MERAN1ORPY1AR7N,Murphy Group,Dannymouth
MERAN79G3ZHAF6W,Rubio-Carpenter,New John
MERANV8RMM5ZB4Q,Sanchez-Hoffman,East Stephaniechester
MERAOP0NB067ABY,Clark Group,Lake Patricia
MERAPFQATGBUXPB,Robinson PLC,Georgeside
MERAPR1QK2YBED7,"Hanson, Rhodes and Scott",Lake Aaron
MERAQDOSKX6P6WB,"Smith, Small and Weiss",Jesseshire
MERAQLKWUJRNVI1,"Dominguez, Luna and Howell",Bennettburgh
MERAQQ89RE0YGY7,"Lewis, Morgan and Wilson",South Jessicatown
MERAR5VHBVUPI5B,Wilson-Chan,Hallburgh
MERAR6T16WQ3CJZ,Aguirre PLC,East Zacharyport
MERARDLYFHOHSMR,"Watkins, Grant and Cameron",Port William
MERARN8K8I1DYUV,Ramsey-Ramsey,Martinmouth
MERART77DZKGDI8,Park PLC,Vincentview
MERASXI5J9G87D4,Strickland-Martin,New Gabriel
MERASXU8XCMZD9U,Jimenez-Long,East Jenniferfurt
MERAT6I24QODG4N,Hall and Sons,Elizabethchester
MERATMFAGPQ3MLL,"Ryan, Hudson and Mcmahon",Nicholasbury
MERATUQ8Y15QKTL,"Hughes, Andrade and Savage",Lake Davidmouth
MERATZUH0SE1EM2,Williamson-Guzman,North Emilyhaven
MERAU91XILG5LOR,"Martin, Crawford and Roberts",Johnsonborough
MERAUG3Y8ZQZ6SN,Waters Ltd,Port Annette
MERAUV1R5C7GLNM,Johnson and Sons,Morrisview
MERAUVGABWCTZ3I,Mata-Branch,Pearsonland
MERAV1E5LAFUHBP,Brock-Moreno,South Cheryl
MERAVJZO1001HZK,"Edwards, Maxwell and Green",Danielview
MERAW041RS0HKUV,"Hamilton, Horn and Gilmore",Lake Harry
MERAW43YAU2OWFU,"Mayer, Bradshaw and Cruz",Bennettborough
MERAWGUZD27TEMZ,Kelley-Bates,Shafferland
MERAWPICSYIFL5X,"Jones, Anderson and Bradley",Port Christy
MERAWRILJT4ICT8,Baker-Walker,East Angelica
MERAXQ5ZUDUEAE7,Ellis Ltd,Robertmouth
MERAY00V09N2C4L,Brooks-Molina,West Rachel
MERAY6HFX2JAC3Y,Henry-Howard,Christineville
MERAYFAK3S5V4AR,"Smith, Peterson and Berry",East Blakeburgh
MERAYIKCWLBZP2R,Davis-Howard,Pearsonbury
MERAYTBB16VXWCE,Miller-Clark,Mcdonaldshire
MERAYUR0J3H3NEU,Castillo Group,East Amandahaven
MERAZ1N5W7K5277,Patel Inc,Sarahstad
MERAZ288NRLOMGU,Anderson LLC,East Kellyfurt
MERAZAQH3137GAJ,Bowman-Hayes,Jonesshire
MERAZBX7LBRXRIH,"Miller, Palmer and Lee",Joseland
MERAZEBOPS2TT2N,Larson-Campbell,New Kristin
MERAZJ2RRNAPBTY,Mays-Osborne,West Jose
MERAZOQIJPTFRIU,"Green, Walker and Clark",Michellemouth
MERB05F24MAOTS1,Houston-Savage,East Stephanie
MERB0KOORRQ6Q9B,Hawkins Ltd,North Diana
MERB0X2YYNB2JT0,"Gordon, Johnson and Schmidt",Mariahchester
MERB10PSGJCO2OU,Stuart-Nelson,Rachaelmouth
MERB180WZSSVF39,Williams Inc,Fieldsmouth
MERB1GHF1BEOU3O,"Walker, Sanchez and Zimmerman",South Kimberly
MERB1OHLHAJED58,Castro-Dennis,Briantown
MERB1RUM12IA5MS,Ramirez Ltd,New Amandafort
MERB1UHBVSIL9U2,"Barrera, Lewis and Schmitt",North Cynthiaside
MERB1UNGDKPZEB3,"Hayes, Garcia and Burns",North Debra
MERB1XGUFMH7MFE,Chambers LLC,South Douglas
MERB22N3HXUNH2K,Kane-Kennedy,Lake Sabrina
MERB3VX7B2KSPII,Griffin LLC,East Marissa
MERB4294N6R6VUO,"Hughes, Smith and Mckay",Fowlerburgh
MERB4I2G9AZY1YJ,Haas-Cannon,Maryside
MERB4KBL92Y8OM2,"Boyle, Griffin and Hernandez",Lake Billymouth
MERB4VRYNRHAEXK,Cole-Jimenez,Wilcoxstad
MERB5208TY98LNM,Thomas-Sheppard,Brendabury
MERB57TBU4VOA57,"Walters, Brown and Mason",Port Albertmouth
MERB5APRQ9B3DM7,Maldonado-Barnes,Jeffreyton
MERB5KHXJ15P8RS,Sullivan-Mcintyre,New Jamesshire
MERB5QNYLZ3SEFB,Johnson Group,Clarkstad
MERB5SQOMOW7JD5,Holmes-Krause,New Justin
MERB65HGZOCKY45,Cooper-Richardson,Nolanmouth
MERB69IO4H6ULD8,Arnold-Jackson,Port Amandaborough
MERB6XG0CVP669W,Gentry-Baker,Maldonadotown
MERB72WHGDHRZXO,Johnson Group,West Jacobton
MERB7DT724R05I5,Fowler-Cox,East Eric
MERB83UMPZ4T8MY,"Contreras, Mueller and Williams",Woodsbury
MERB898JSK1A66N,Arnold-Olson,Torresborough
MERB8M3BC0ZPZGN,Farmer Ltd,South Kimberly
MERB8SS77KBUUBY,"Miller, Bowers and Davis",New Stephanie
MERB8ZI44241A07,"Carpenter, Branch and Bell",Brianberg
MERB9S6A06YO0BV,"Johnson, Davis and Spence",South Lindashire
MERBA0NHH7IYH8Y,Christian Inc,West Joshua
MERBAF7ZJHO6GCJ,Whitaker Inc,North Javierton
MERBAJTYGOZ8ZO6,White LLC,South Carolineview
MERBAW8A8QS8RMS,Thomas Group,Grossland
MERBB4WK1TT8TNB,"Ellis, Edwards and Morgan",Mccannmouth
MERBBFINO3LSPKS,Harper-White,Marieton
MERBC0Z7P5L0ZQ7,Hamilton-Cooper,West Cristinatown
MERBC76GHIKRYOO,"Gomez, Gilbert and Collins",East Kevinstad
MERBC852MP0MF9B,Leach-Gomez,Johnsonside
MERBCEQONJRLU5D,Berry-Ponce,New Rachel
MERBCK43CQDDTP4,"Sosa, Bennett and Wallace",Brownland
MERBCLW9N7DU7V5,Gentry LLC,North Carla
MERBD95ZDNXNUXX,"Estrada, Nicholson and Perez",Port Philip
MERBDNELXQNJFYV,"Shelton, Alvarado and Roberts",West Robertmouth
MERBDXKNXH4PNMV,Hill and Sons,Josephstad
MERBE3NSW5HWDCW,Young PLC,West Kristy
MERBE5MVC2SEVK9,"Hess, Johnson and Aguirre",Pearsonview
MERBENKCYZD9J50,"Davis, Scott and Green",Port Douglasfurt
MERBF8QGPJ8XE4G,Hebert-Foley,East Kayla
MERBFKJMXUWSHNO,"Brooks, Lee and Davidson",Sherrybury
MERBFKT3G6O429W,Bennett-Thomas,New Dennisborough
MERBFMATS38MRHA,Davis Ltd,Lloydland
MERBFSK7I9GVFVU,"Clark, Roberts and Osborne",North Mark
MERBG1BR9GXA2ZQ,Brown-Williams,Alexanderburgh
MERBG2LAKPX8WOA,"Terrell, Romero and Gomez",East Jaredfort
MERBGCDDCTVQI47,Scott Ltd,Kingburgh
MERBGGBGCLNLT3L,Townsend Inc,Lauraport
MERBGX3WSCRWV95,"Chan, Pittman and Sims",Mariofort
MERBH0VFKB1WGDT,Gonzalez-Scott,South Angelaton
MERBHJ7EC0XH0ZH,Kennedy-Love,Nunezburgh
MERBHNR03Q40ATI,Russell Ltd,Lake Zoe
MERBHPW6IYN5O1P,Whitney Ltd,Jenniferville
MERBHXXW1LZEA5U,Shaw-Smith,Cruzville
MERBHYY4SXVXM51,Romero Inc,Lake Adam
MERBI43AE5L8X86,Mills LLC,Sheamouth
MERBIJPPJ10R9FN,Wood-Summers,New Ashleybury
MERBIPLFZAHGIIS,Davis Group,New Andrewborough
MERBISC1NPLXEEC,Brady Group,Karenshire
MERBJ73QJ52EHQJ,Jackson Ltd,West Amychester
MERBJAGYZRYV78S,"Moore, Blair and Lewis",Franciscomouth
MERBJP7KH3PQAS6,Torres-Krueger,Jacksonview
MERBJT5OWE4I41T,"Byrd, Long and Perez",New Brianmouth
MERBJVO2N8RNTKC,Wiggins-Nguyen,Chavezmouth
MERBK2FL1AOQZK0,"Barrett, Hill and Jackson",Anthonyburgh
MERBKJ2VCMOR0NI,Gray Group,Port Judyborough
MERBKJO7D16TRZY,"Peters, Atkinson and Davidson",Gillmouth
MERBKKA10E9DXA6,Harmon Ltd,Lake Jason
MERBL968WWN3S6W,"Zimmerman, Page and Anderson",Matthewmouth
MERBLDVSI6ILN83,Williams-Carey,Rodriguezland
MERBLE65ZD2I9GQ,"Reese, Mcdonald and Wolfe",Debbiebury
MERBLS01PE9MD2H,Floyd Inc,Mclaughlinview
MERBLTPS235SGTD,Wood Ltd,Smithside
MERBLZANDCHXJ16,Ryan-Spencer,Lake Michael
MERBMEO0Y2FACPC,Mcmahon Ltd,Lake Jaredburgh
MERBMMH3N9B9UGU,Meyer-Sullivan,Markstad
MERBMMR3WJTIF3W,Smith-Moore,Port Miguelland
MERBMOK09BJDYK3,"Sanchez, Stone and Sanchez",Murrayville
MERBMQPQFRMKIQC,Brown-Boyd,Chambersland
MERBN3BUAW5T81G,"Yates, Pearson and Williams",West Zacharyhaven
MERBNIFH761ORG4,Fleming-Casey,Cooperberg
MERBNQHH9GV0040,Anderson Ltd,Port Laura
MERBODSAL8O6PXQ,Boyer LLC,Johnhaven
MERBOJ5DIRH0LMG,Ruiz Group,New Veronica
MERBOKABBS5201L,"Patton, Rose and Noble",Cathymouth
MERBOKPEDHUA7K2,Wood-Green,East Tiffany
MERBOLID5YH6ES5,James-Logan,Douglasport
MERBOY1N6ZCRT18,"Salas, Lawson and Goodwin",Miketon
MERBP02Z8EL3KQ1,Stanley-Abbott,Romerohaven
MERBP4OJ01IVPGF,Glass and Sons,Lake Jorgeton
MERBP4XNN9ACCV3,Parker-Jones,Carrieville
MERBPLJJ61KO45E,Alexander PLC,Walshport
MERBPQVGZGC5MLR,Parker Ltd,Mooreberg
MERBQ9T8RKQZUQV,Ross-Cooper,Frankfurt
MERBQCAZOKUILE2,Lopez Ltd,South Roger
MERBQEK3DZ7M5LL,Barton-Dorsey,Adkinsview
MERBR5T1YDHZIOB,"Welch, Arellano and Barr",Paulabury
MERBR7KDEE2817X,Thornton-Keith,Bakerton
MERBR7W3MT4I731,Sanders-Barnes,North Harry
MERBRATGR27MBMY,Mooney-Stone,Nunezhaven
MERBRGMGKHY7YPH,"Malone, Le and Nichols",Paulton
MERBRICL8ZKGAXL,Bradley LLC,South Robert
MERBRJBV2AEILDY,Wood Ltd,Carsonburgh
MERBRKDZBZ2T8BU,Torres-Harris,Donnaberg
MERBRY7VDA6V002,Kelley-Martin,North Michaelport
MERBS1MDDJ9UH2A,Miller-Bowman,Lorrainebury
MERBT7NAPHF2I4U,Jenkins Group,Bentleystad
MERBTO90OBMKTWM,Carter PLC,New Gary
MERBTP7A7PDRMQJ,"Miller, Andersen and Stewart",Williammouth
MERBTUVI9RSHND0,"Friedman, Wood and Grant",East Kenneth
MERBU6ERIOF0B4E,Reynolds-Williams,Arnoldside
MERBU7PS4Q0Y2VD,Harmon-Duran,East Autumn
MERBV6G9XK6O6MM,"Rodgers, Morris and Rivers",Port Susan
MERBVAD2QVHY90N,Frazier Ltd,Mooreberg
MERBVES0I1CLWVQ,Erickson-Bennett,Grayview
MERBW17YCFD59JR,Cooper-Hawkins,North Nicholas
MERBWOPJKA6LS12,Rogers-Valentine,South Nicoletown
MERBWRZ988H32X1,"Phelps, Murray and Frye",East Vanessastad
MERBX3AMTT2E8UR,Mayer and Sons,Brittanytown
MERBX9O05F6S5Q3,"Case, Curry and Martinez",New Kiarahaven
MERBXBUFV97AOTM,Griffith Group,Riveraland
MERBY347700ZI5D,Anderson Inc,South Michael
MERBY5AHAK84GTQ,Anderson Group,Coreyside
MERBY90VCK2LJJX,"Le, Lewis and Rivera",Port Michael
MERBYCLWA64SIQ9,Kramer Inc,Dianestad
MERBYDBHINHKSQE,Freeman PLC,Lake Danielstad
MERBYKLZ8R6WGEP,Rogers-Taylor,North Anthonyview
MERBYQ9TJFBDL0V,"Bailey, Delacruz and Santos",Cameronfurt
MERBYV6K158YVU8,Scott-Matthews,North William
MERBZ45FE7NW2T3,"Sutton, Hill and Ortiz",Triciaberg
MERBZHTB6BD6I03,"Beck, Parrish and Meyers",North Dianechester
MERBZZUETNACASC,Carroll-Thomas,East Charles
MERC02TSTF9V50A,Owens-Baker,New Erica
MERC0AEEZGUN4R4,"Carr, Allen and Lopez",West Stephen
MERC0FJUJBXWTQS,"Sanders, Ruiz and Cole",Lake Christineborough
MERC0K5ZCLZANYW,Brown-Lane,Jessicabury
MERC0N4NOSQGT9A,"Carter, Jackson and Hess",Troymouth
MERC132B8UHY941,Joseph-Manning,Stevensonside
MERC18X9XW4GQSE,Russell-Anthony,West Jasmineport
MERC1IJ7M7XF59P,"Foley, Henderson and Smith",East Robert
MERC21CAR7C4XZP,"Holloway, Jacobs and Thompson",South Lisamouth
MERC22HK05A8SFT,Howard Inc,Courtneyton
MERC264FEXNCWPS,Baker-Jones,Matthewburgh
MERC2EQG2KLVZK9,"Miller, Nguyen and Willis",Port Victoria
MERC2H464YZWAN2,"Turner, Christensen and Anderson",Maldonadoland
MERC31OPAUIGLR7,Hamilton-Scott,Olivermouth
MERC399QC1B4PJV,Dominguez and Sons,East Roger
MERC3F90TQNJ52U,"Fuentes, Landry and Wu",West Melinda
MERC3MN4RA2XUY9,English and Sons,Crawfordshire
MERC3NIXTVZXODB,"Matthews, Krause and Murphy",South Rodneyland
MERC4Q9PLUU8KKB,"Brown, Hall and Watkins",Sheilaberg
MERC4VHJIHWVBX5,Steele LLC,Port Marie
MERC5560EPXC8W7,White-Rodriguez,New Jasonmouth
MERC62HECXACPY9,"Williams, Jones and Hicks",East Debbiebury
MERC65ZCIO6YV35,"Mckenzie, Bentley and Mcdonald",Port Amyview
MERC660M07X0TGX,Colon and Sons,South Jesse
MERC6IGCQEAZ7JM,Rice PLC,Clarkfort
MERC7MFCMMIP5DT,"Horn, Hoffman and Harris",Jordanstad
MERC7T9GFWC7HJD,Gibbs-Nguyen,North Bradleyhaven
MERC800PEUOGXZJ,Allen PLC,Patriciatown
MERC80I6HZNW6XL,Gonzalez-Marquez,South Kathleen
MERC8BAEKQRHNI6,"Arnold, Davies and Hayden",Heatherstad
MERC8C53Z4M6QD2,Sullivan LLC,Christianchester
MERC8FJA5WEB2HV,Nixon-Willis,Lake Heather
MERC8OUQV5R4JY6,Williams-Bowers,Warnerberg
MERC8PQNNIKJFJC,Burgess-Forbes,East Michelebury
MERC9EX4ZFMXR8P,Johnson-Fernandez,East Stephaniechester
MERC9JLA2G7DN6F,Sullivan PLC,New Elizabethside
MERC9MFPUW4743L,Williams-Williams,New Michael
MERC9RQ19LEZAVP,Sanders-Snyder,Kathleenview
MERC9VIRWPDVS7O,Watson-Jones,West Jason
MERCA0L0FW5OVVC,"Powell, Ball and Robinson",Marcview
MERCA4WEGBFRBJY,"Newman, Ryan and Waters",East Aliciastad
MERCA8WX4Q573E1,Chapman-Wright,West Andreaburgh
MERCABPFP1WE86A,Wade Group,Bradleyland
MERCBUQPD0ULMU6,Shaw LLC,Kennethchester
MERCBWGSUDANZBY,Brown and Sons,East Ericfurt
MERCBZ6UD5IHGAK,Baker-Salazar,Clarkfort
MERCCCJB1D6J1SD,"Stanton, Fox and Todd",West Chadshire
MERCCJLZK6BIXBM,Jones-Pittman,New Andrew
MERCCUJT77QW9QO,Ramirez and Sons,Jessicatown
MERCCX5LDFTVMLK,"Weaver, Jimenez and Wheeler",Margaretton
MERCD1QKJVUB4D4,Galloway-Thompson,Batesside
MERCD8P4CKOQ7HU,Day-Matthews,South Josephhaven
MERCDSUB1QFTR9E,Riley-Martin,East Danielstad
MERCEDWC0DEGCM4,Miller-Clark,Rowlandstad
MERCEEDPU6DFPQY,"Bradley, Wiggins and Chan",Port Gary
MERCEYIRJH7VFOG,"Whitehead, Hood and Vang",Port Vanessa
MERCFARXDEVXIWB,"Garcia, Case and Hawkins",Port Lauraside
MERCFPH9XQSL4T4,"Martin, Wilcox and Arnold",Ashleyton
MERCFPQIZ1740VN,"Johnson, Harding and Kelly",Lake Jasmineside
MERCG234L26A90Y,"Bradford, Carrillo and Young",Lake Karen
MERCG870XSMPKDP,Adkins-Luna,Gibbsmouth
MERCGFXWRL2BDPK,Williamson-Scott,Rogersmouth
MERCGVOSBM437GL,"Howard, Hughes and Mack",Lake Isaiahmouth
MERCGZ9HZ5CK6PY,White Ltd,Smithstad
MERCH55KVDZBO4J,Perez-Rogers,Fitzpatrickside
MERCHFK3OWK72VV,"Carrillo, Tran and Diaz",Ballstad
MERCI8C4BETINN6,Blankenship-Sutton,East Johnny
MERCIKQ0CCKFUQU,Gordon Ltd,Emilyberg
MERCIMTWQB228NN,"Mccullough, Swanson and Phillips",South Henry
MERCIO69H3KGL5B,Jarvis Group,West Amberside
MERCJ1N1ZI23HMW,Martinez PLC,Kevinbury
MERCJDOKU7OLH2P,Goodwin-Nguyen,Riverafurt
MERCJHMG97LCT1M,Russell Ltd,Jacksonville
MERCJIL3FOC2MXI,Brown-Baird,North Jasmine
MERCJN9SYCNHSMH,Lamb-Mathis,Hensonside
MERCK8UY1A31CWR,Russell and Sons,West Matthew
MERCKI9MRV3I8P8,Lewis LLC,Shelbyborough
MERCLQV35EF59B3,Stein and Sons,Yvonnestad
MERCLVSNBT4FN0F,Roberts and Sons,Hernandezland
MERCM7OODVU0J9E,Hall Inc,Port Henry
MERCM9F4NKRHG50,Garza-Mueller,Wuton
MERCMATR4J4GQLB,Haynes Group,North Tiffanyfurt
MERCMBGQ4LD8M4Z,Wilkerson PLC,South James
MERCMCIVW5Y7REH,Lamb-Delacruz,Thompsonmouth
MERCMLDCOCNCQTE,"Gross, Mckinney and Webb",Port Davidfort
MERCMOA8NRZAX24,"Wolfe, Jackson and Torres",Baileyport
MERCMTL9D2QMIQS,Smith-Sloan,Timothyton
MERCMTTT5GY2FQ4,Jones and Sons,Villarrealstad
MERCNGE9W1T8ND7,Miller-Morales,Port Douglas
MERCNJT4GB2KY6A,Rhodes-Richmond,East Meganfort
MERCNM5VB6I2VDM,Burton Group,West Dominiqueland
MERCNQ5L8B4S64P,Brown-Lopez,Sarahchester
MERCO2HIZO8Q1GZ,"Gonzalez, Morris and Reid",New Tracyshire
MERCOE2WVKWLGRD,"Mendoza, Ortega and Murphy",Kimberlytown
MERCOF4AMT4V2BV,Arellano LLC,East Vincent
MERCOIMVBF74TW8,Torres-Reynolds,West Alex
MERCOK5WWEEUWI5,Zavala Group,West Codytown
MERCOYDG2V0LWFU,Thomas-Johnston,Joshuaberg
MERCP5QLMW41AUN,"Stewart, Mcclure and Forbes",Dawnton
MERCQBBJQUZ8QYH,"Watson, Dixon and Coleman",West Dominic
MERCQKB4C7I3IKF,"Villanueva, Long and Ortiz",New Kevinhaven
MERCQO905IHA3WU,Cobb-Williams,Port Christopherport
MERCQQJTUR1NKJI,"Brown, Johnson and Harris",Franklinshire
MERCQX30BM5J2PM,Macias-Irwin,Montoyaville
MERCRL90N5TB1XH,Romero-Horton,Lake Alexander
MERCS1IA41E4PUN,"Collins, Cox and Singh",New Lauraview
MERCS3KZ068DO2U,"Guerra, Hampton and Jackson",Brownbury
MERCS4E8CCPJJBP,"Villa, Smith and Hart",North Mark
MERCS6GKVMXY80U,Richardson-Garcia,Morrisonfurt
MERCS7PZMOW6Y59,"Ramirez, Moss and King",Wilsonview
MERCS8Q5IZG89D3,"Heath, James and Coleman",Smithton
MERCSBHRYME23WX,"Shaffer, Conley and Brown",Anthonyhaven
MERCSL5ONLHN31M,Pacheco and Sons,Flemingchester
MERCT3HY79BYS1D,Fowler-Baker,Seantown
MERCT6LLV17EBLK,"Powell, Bradford and Bryant",Kathrynmouth
MERCTEXERAXGYHZ,Oconnor-Johnson,Pughville
MERCTFLDZ8LU8D0,Ball-Spears,Davidmouth
MERCTSDKEEMOGHX,Davis PLC,New Donna
MERCTTA07GRQT58,"Reid, Smith and Trujillo",Bryanborough
MERCU4L180E5U73,"Marsh, Harris and Grant",East Maryfurt
MERCU4V774WFLKZ,"Jones, Martinez and Jennings",Michaelland
MERCU873OGQTQ64,"Martinez, Berry and Carroll",West Blakestad
MERCUF9MTTV1KZY,"Cole, Russell and Cummings",Browntown
MERCUHS6IDTEM0X,Baldwin LLC,West Paula
MERCUM5XN1GM16T,Benitez-Sullivan,Martinmouth
MERCUOOMDRP2U3X,Cowan Inc,Waltonton
MERCUTGLW7UD3VV,Bullock Group,Dawnton
MERCUX7PKT4TUZ7,Salinas PLC,Frederickshire
MERCV0OF8FCDORA,Spencer PLC,Bateshaven
MERCV2VMPBJOIO1,"Barnett, Skinner and Wilson",West Jessicashire
MERCV6KOR6KW0Y1,Perry Ltd,Millerport
MERCV6ZZ0TQ0YN6,Holland Ltd,Clementsborough
MERCV7RIJZ6TW2Z,"Garcia, Goodman and Barajas",North Ashleybury
MERCVA3IUW4FELN,"Miranda, Perez and Lee",East Juliachester
MERCVA5HPNKL18W,"Flowers, Lewis and Morris",Port Gregory
MERCVDJN5VP2B1B,Wagner Group,East Blaketon
MERCVKPPVPF1C5T,Francis and Sons,Deborahchester
MERCVR4524LUDNB,Gonzalez-Mendoza,Millerview
MERCW086HY8BRGI,Clark-Mccoy,Port Benjaminton
MERCW1IU28NDNKP,"Ramirez, Welch and Carney",East Ashleyton
MERCW3H2IB35N5O,Wagner-Frye,New Jennifer
MERCWABWA7SUMIK,"Gomez, Bishop and Walker",West James
MERCWO111XL2C5W,"Gonzalez, Williams and Simpson",Johnsonfurt
MERCWPC40QMWPQY,"Harris, Juarez and Tucker",Scotthaven
MERCWVDLIEV6SNV,"Ortega, Gonzalez and Lang",New Jessicachester
MERCX5AXLS1MT6D,Dudley Group,Shawnview
MERCXILN67E54RX,"Nelson, Harris and Richardson",Cruzberg
MERCXOMBLXT1YZ0,Rhodes-Smith,West Mitchell
MERCXY734ICUW7O,Hutchinson Group,East Johntown
MERCY9BXK94S4MQ,Mitchell and Sons,Port Katherine
MERCYEHJMQO75V2,Gonzales-Quinn,Guzmanborough
MERCYFVJFG7ANIE,"Bowman, Horn and Shaw",New Maryport
MERCYML6AQGLRDG,Carey Ltd,New Katherinemouth
MERCYV3FEAU4QOR,Bennett-Osborne,Amandabury
MERCZAH5I6SUO4T,"Webb, Bailey and Ross",South Jesus
MERCZBAP8L7VQR9,Briggs-Snow,Cookbury
MERD02HFD1BGLWG,"Sexton, Brown and Figueroa",Mullinston
MERD05BGIZVPK2T,Mathews-Delgado,New Michaelchester
MERD07ZU7XP5IY8,"Wells, Price and Johnson",Clarkshire
MERD0HN2PJDPI8Q,"Fowler, Miller and Lopez",West Danielleport
MERD0QFHCVM5WNQ,Dickson Group,Lake Jennifer
MERD0RB310FII7F,"French, Miller and Russell",Tonyaville
MERD15XJS8I1YNB,Morris LLC,Novakhaven
MERD1QV4BIJECB3,Humphrey-Odonnell,East Timothy
MERD22OBX84B8X6,"Powell, Hawkins and Gutierrez",Barnettshire
MERD24QB3A2B6W2,Miller Group,East Victor
MERD2SV1G5259NN,Norris Ltd,Williamsfurt
MERD2WZE1J7V2TE,"Martin, Hayes and Cross",Lake Terrychester
MERD2X63U0SD7WC,"Palmer, Roy and Bush",Humphreyfort
MERD476ATR9CO81,Dyer and Sons,Doyleland
MERD4N28GZPTXW5,Bryant-Mclean,Sullivanview
MERD4XHICY3OYEO,Werner-Bennett,Richardfurt
MERD5COGEEC3819,"Lee, Edwards and Garcia",Lake Jenniferton
MERD5FAFE69MH0M,"Hood, Johnson and Sims",Port Jessica
MERD5KIDA16LBI5,Morgan-Chen,Hammondshire
MERD5YR0NFXSRE5,Todd-Leach,North Tiffany
MERD61ENGGBZGYD,Smith Ltd,Christianport
MERD6GYIXO3WT5V,Cox-Guerrero,North William
MERD6H1G0ZVZQMZ,"Patel, Hinton and Jones",West Randall
MERD75OWKGTGA6E,Hoffman Ltd,North Victor
MERD76NE71U0DT2,"Davis, Sanchez and Simmons",Michaelfort
MERD7AF8LTYRAOF,"Wells, Duarte and Gutierrez",Port Jennifer
MERD7DT2RIMGHTQ,"Whitehead, Schultz and Lucas",New Robert
MERD7EM5QG3SPRS,"Buchanan, Martin and Hunt",South Marieshire
MERD7FDVFUKGQH6,Cantrell and Sons,Brittanyport
MERD7H2OI36HSVB,Conner Ltd,North Karina
MERD7X64B0B0C3A,Griffin PLC,North Dennis
MERD7YTRJ3B6Q3U,Smith Group,Port Robinland
MERD80I2Z2CPZ8E,Costa-Jones,Port Robert
MERD80MH1X6HEG2,Howard LLC,Moralesland
MERD893U61KI480,"Mcdowell, Fisher and Cohen",Lake Kristaborough
MERD8MKX9IJJNX3,"Parker, Harris and Mendoza",Staceystad
MERD8N6PTDPLJC4,Griffin LLC,Josephmouth
MERD8UPHZJF86ZR,Yoder-Wise,Lake Tanyamouth
MERD91IJWFQUT7M,Dixon LLC,Fosterchester
MERD91KPZPUQU2D,Parker and Sons,Port Eric
MERD9GRGIGM5IJ9,Moses-Rivera,Port Adamland
MERD9IPORC52UBX,Spencer Ltd,East Tonya
MERD9KRXOQTV19E,Rivers and Sons,Kennethmouth
MERDA4DD4V9J9TF,"Luna, Andrews and Hester",Carterfort
MERDAGDUJEIIH37,"Merritt, Murray and Young",Robertberg
MERDAWEY7ZQJWZD,"Christensen, Powell and Knight",Williamsontown
MERDB0YS10O66I1,Kennedy PLC,Jerryview
MERDB1SU2NPIKL5,Burke-Walters,Emmaland
MERDB9E8D4RGXPQ,Conner Group,Stephanieside
MERDBBDDSY40EGR,Whitney-Pearson,New Robert
MERDBIGBF94NRLN,"Shaw, Cervantes and Ramos",Robinsonmouth
MERDC5VX9V5VWYD,"Brown, Horton and Hernandez",Sherrybury
MERDC7V2ML2HX8F,Johnson LLC,Tammyfurt
MERDCK8E7LWV9QT,Wilson LLC,Moralesshire
MERDCVII6NERTBE,Castaneda-Ochoa,Lake Brian
MERDCWJCO1E06FL,Evans LLC,North Suzannestad
MERDCWXLO86L6GC,Frey-Williams,Catherinehaven
MERDDEIBBTO7K9F,Gomez-Thomas,Baileyton
MERDDNK0F7SZTN7,Garrison-Moore,South Justinview
MERDDTDMEFQQ8DE,"Harris, Gonzalez and Butler",Charlesborough
MERDEBF2RWKKXN2,"Vaughn, Reynolds and Graham",Harrisonstad
MERDECX2M0KTWDW,James Inc,New Jason
MERDEG36M0RX2PF,Gray-Cochran,Jacksonberg
MERDEJ4FYWGOX1Y,Brown-Johnson,Richardsonport
MERDEJ6EGFJPNVW,Compton Inc,Fletcherburgh
MERDEPLBUYDH9UD,Craig-Mclaughlin,New Rebecca
MERDERTOP1S924F,White-Buckley,South Shane
MERDETKJ014FD7C,"Carey, Steele and Williams",Philipport
MERDEWKIB3CPLB8,Odonnell-Shah,Adamstown
MERDF98DZLRS6VP,"Perez, Raymond and Le",Benderberg
MERDF9X12KODB9Y,"Brown, Hodges and James",South Kelly
MERDFN37DF18OQV,Williams-Ramirez,New Lorifurt
MERDFUWDKMZFXTY,"Maddox, Wells and Brown",South Robin
MERDFVORH8VJNHY,Roberts-Frye,Port Laura
MERDFXBO9HYKZ03,Wright-Johnson,Brianshire
MERDG1S66I9RCMV,"Martin, Mitchell and Elliott",South Lisa
MERDGIEJOUNXUQ0,Spence Inc,North Kellyshire
MERDH633MVMDMAP,Williams-Cline,East Kevin
MERDHEIV4WJ9YAV,Jimenez-Hancock,Josephstad
MERDHM48CFRTQ93,"Thomas, English and Hawkins",West Douglastown
MERDHYS7KHZR2EG,Rivera-Fleming,Jesusburgh
MERDJVFRE4N01KM,"Jenkins, Harris and Woods",Petersshire
MERDJX7HSZW3HH3,Armstrong and Sons,West Alexanderland
MERDJZVN0EWUMPT,"Reese, Jacobs and Cameron",West Elaine
MERDKB9TFWUWU90,Galvan PLC,New Shannonstad
MERDKGJH6GP2SMU,Lam-Reynolds,East Dave
MERDKM1AL5ODE4U,Mcdonald PLC,South Jacob
MERDL29DNGUDCY4,Smith-Harper,Benjaminland
MERDLCEAEJY0152,Hogan LLC,Smithville
MERDME8EF8GDR34,Patel-Johnson,Lake Frederick
MERDMNP6VIQEESP,Richard and Sons,New Kathryn
MERDMTV8UVTGNV7,Cruz Ltd,New Patricia
MERDN2FO4PX3XHR,"Mitchell, Smith and Sanford",Markstad
MERDN33ZUBYZW3B,"Francis, Ward and Wyatt",Port William
MERDN6Z0TPLOYCT,Carey Group,Patrickhaven
MERDNVSJRRVP2FJ,Johnson-Nichols,New Ginaville
MERDOIQD1PB48LZ,Hunter-Rocha,Port Melissaberg
MERDOR40EYP3LPD,"Hammond, Martin and Martinez",South Justinberg
MERDPBTL22L5ULN,"Obrien, Ramirez and Yates",West Meredithshire
MERDPIILS02ZGJA,"Thomas, Green and Harvey",Angelicafurt
MERDPNH68WFSU30,Osborne-Johnson,Brendafurt
MERDPU0LPLIQQK3,"Moore, Phillips and Brown",West Matthew
MERDPW45TMFSO6T,Nolan-King,East Julieview
MERDQ4GVIZI6TJ0,Higgins-Jones,East Patriciafurt
MERDQBAX4EEB6X0,Brown-Prince,Jodiside
MERDQYEFYG1LO3T,"King, Stephens and Pitts",South Heatherview
MERDQZ35LHA66J9,Rodriguez LLC,North Megan
MERDR3SVRWW5JYC,"Khan, Fisher and Braun",Wilsonton
MERDR7DEQRCJITW,"Rojas, Roberts and Olson",Wrighttown
MERDR94CX6CJ32F,"Vance, Sanders and Patrick",Hannahberg
MERDRA3AXPYGR0K,Porter-Scott,West Julianhaven
MERDRCTD7RBOYDM,"Hurley, Haas and Schmitt",South Beverly
MERDRHBFULLCU4Y,Hartman-King,Maxwellview
MERDRMVHHU0GO9T,Cameron PLC,East Anthony
MERDRX8Q12KD1IS,Smith-Davis,Manningstad
MERDRZI1ODLZ6LP,Johnson PLC,Tiffanymouth
MERDS0ZERS81S9A,"Jones, Elliott and Hunter",West Monica
MERDSC5F2ZP4045,"Thomas, Cannon and Lawson",Nathanside
MERDSF5WDIW240Q,"Edwards, Jackson and Thompson",Port Brookebury
MERDSJJAH43B4GP,Vazquez PLC,Port Charles
MERDSK72LM2CRUI,Wheeler PLC,South Chadfurt
MERDSM389EUD4HB,Owens Ltd,East Davidborough
MERDT41F5G2VYLU,Obrien LLC,West Jessica
MERDTIY0ONF5KK3,Oneal Ltd,Lake Alexander
MERDU5WIIVBVR3K,"Howard, Hooper and Leonard",Spencerville
MERDU690Z9GU086,Davis Ltd,Port Erin
MERDU6S1JKYT084,Dean-Massey,Lake Christineburgh
MERDUE84FO9D4BJ,"Johnson, Hughes and Fuentes",East Susan
MERDUI7QJH5L8C4,Collier Group,West Travis
MERDV9DPA6VMN1O,"Chen, Hunter and Pham",Parkerland
MERDVH2X5JCUVCK,Jackson-Wise,Lake Darrellshire
MERDVVQYSJ4YSOU,"Gates, Hernandez and Vaughn",New Jacobhaven
MERDW52OKL2EUMG,"Medina, Robinson and Anderson",North Johnville
MERDW5ZXOSEXUKC,Perez-Reilly,Smithton
MERDW8HR8T8NE6F,Thomas PLC,North Charles
MERDWFX83MQ41HX,Scott LLC,North Linda
MERDWN9OU5ORG1N,Moore-Bass,Lake Ruth
MERDWQPZA6XISHK,Johnson-Graham,Mariaside
MERDWWV9O45IEH9,Dickerson LLC,North Jeffrey
MERDWYOT0H544OP,Smith Ltd,Greeneburgh
MERDXF60JXIM1LQ,"Potter, Martin and Nelson",North Alicia
MERDXNJFVHGF8M8,"Allen, Diaz and Stevenson",Derrickmouth
MERDYNJTVJB36A9,Jones Inc,Amyhaven
MERDZ3L5S2ALQ06,Orozco-Wells,Johnston
MERE0E1OAIJM6TC,Austin Inc,East Tylerville
MERE0LUGA61LFSV,Williams PLC,West Tiffanyshire
MERE0OPRD9HOQ3J,Harrison PLC,Williamshire
MERE0PTT4O41E9W,"Murillo, Roberts and Johnson",Carolmouth
MERE0SA6TVPNA5Z,"Bowers, Glass and Jones",West Lisa
MERE1EGM7L0S26B,"Barrett, Mosley and Hamilton",North Derek
MERE1SOZ882AXK6,Rose Inc,Lake Linda
MERE1W7NZOTJEKI,Riggs-Johnson,Howellland
MERE2MHV6MZPKFH,Fleming LLC,Port Courtney
MERE2QZYLONQ36B,Higgins-Long,Martinezmouth
MERE2SOEF7LD8XF,"Cummings, West and Huynh",Emilyberg
MERE3HLMAGGJQCP,Perez PLC,East Scottborough
MERE3I8NII0B4WD,Shaw and Sons,Lake Sarahbury
MERE3TYXG24X44E,Phillips-Dominguez,Port Catherine
MERE4CT9ZGITFFF,Gilmore-Stevens,Port Alexisview
MERE4HMQ2MW8SMV,Arroyo and Sons,Crystalside
MERE4O99NNJIWME,"Walker, Lopez and Baker",North Frederickland
MERE4PJLJG747I8,"Ochoa, Wolfe and Dillon",West Briantown
MERE4T726INWP4E,"Patel, Wade and Richardson",West Briana
MERE55BEPV10B77,"Briggs, Cook and Giles",South Laurenville
MERE57JFKU0AZKR,Rodriguez-Woods,Schaeferchester
MERE59Q6IJRWDBM,Jensen-Smith,Michellechester
MERE5PZUSWXUWQ3,"Schultz, Winters and Gutierrez",Johnfort
MERE5ZJ2F33211W,"Brown, Goodman and Schneider",Jacksonberg
MERE66TS582FBIF,"Ellis, Walter and Dunn",Haleystad
MERE69AQUPGGDJI,Huff-Smith,New Barbara
MERE6EDS135DESM,Holland and Sons,Kennethfurt
MERE6NLX5RHT530,"Love, King and Padilla",Butlerberg
MERE6VN0VCNNN9Z,Torres-Wise,New Donald
MERE72JNH30WCIY,Noble-Gonzalez,Barajasbury
MERE821VNLNYWNM,"Solomon, Richardson and Williams",Lindsayview
MERE844NDCL67VT,"Sawyer, Ruiz and Blankenship",Tylerville
MERE86PN3ES5K1P,"Hodges, Sharp and Brown",South Raymondtown
MERE941V9VWFZ0T,Russo Group,Jonesburgh
MERE9BUYJ4U58F2,"Giles, Atkins and Jennings",Susanland
MERE9CX2QBD9PYC,"Williams, Frost and Dixon",North Marissaberg
MERE9EOUNAK4AEE,Jennings Ltd,Williamsside
MERE9N6OG3SCP41,"Ward, Golden and Weaver",Christyborough
MERE9ZU7M5GJ4S6,"Galloway, Smith and Wong",New Jacob
MEREA01UTQ2GC34,"Luna, Abbott and White",Jamieshire
MEREA1VEXYGA0UN,"Wood, Arroyo and Bell",Ashleyville
MEREA8M6IGNFBQX,Lopez LLC,Sarahstad
MEREABNES5QR265,"Gilmore, Jackson and Ibarra",East Heathermouth
MEREACDPYI6XDMZ,Foster-Williams,West Thomas
MEREAE37NL0KME5,"Houston, Valenzuela and Richardson",South Mary
MEREAEXCOT3ADQB,Yu Group,East Sara
MEREAI0RLCJZSNG,"Mitchell, Watson and Hampton",West Brenda
MEREAJU5L66YMI5,"Choi, Warner and Ramirez",Dukefort
MEREAVYNYLQVGD0,Bryant-Quinn,West Carmenborough
MEREAWATN0G7SX7,Stanley-Freeman,Port Williamfort
MEREBAEFYTUXDX2,Mccullough Inc,Randyfurt
MEREBG840C1VFFO,Oliver-Krause,Feliciatown
MEREBI5SSC3610N,"Wilson, Weaver and Barker",East Sethtown
MEREBJYEUARS1OR,Mclaughlin-Perry,East Sandraland
MEREBKUOYTTQ4JX,Higgins-Coleman,Aliceton
MEREBLZMVFLAR7W,"Roberts, Joseph and Jimenez",South Nicholas
MEREBRQADOQVX5O,Todd Ltd,East Jessica
MEREBSML3VR85E9,"Hall, Browning and Johnson",Lawrenceville
MEREC4Y7ON8EN3O,Webster-Edwards,Larrychester
MERECGA2BJRI0AB,"Johnson, Hale and Rodriguez",Sawyerside
MERECHAHNLDPQSO,"Church, Green and Carroll",South Chaseport
MERECJ05HSBTIUE,"Haynes, Harper and Shields",Deckerport
MEREDGZP5YCLI3R,Nixon Group,South Nathan
MEREDJ7DGPAF891,"Garner, Jones and Shaw",Petersonmouth
MEREDMXDDGWV8MW,Brown-Hart,North Sandra
MEREDNGT4VIYNH1,Page-Foster,Port Sharontown
MEREE2FK74LSUXH,George-Carroll,Port Vincentchester
MEREEDUJLCTY5PB,Robinson-Vega,Michellechester
MEREEF5DNWXBW90,"Graham, Scott and Anderson",Jamesburgh
MEREEI517JB8E1T,Stevens and Sons,Lake Debra
MEREEMRO789TAOJ,Ramirez-Petersen,West Daniellebury
MEREENS51K0S34D,"Patton, Garza and Jenkins",Lopezmouth
MEREFBY1HQ8KEAZ,Cox-Perez,Adamsville
MEREFS641NEJQBF,Holt PLC,Burtontown
MEREFUKBM4Q8I3F,Martinez-Lamb,Kingbury
MEREFYGJTQ75LJZ,Weeks Inc,Weissborough
MEREG2RYB5HKJRJ,Patterson Ltd,Wendychester
MEREGXLB3TT8WTL,Davis-Brown,Hubbardmouth
MEREH2072LGVHA1,Farmer-Adams,Velezfurt
MEREHHVNU247ZJG,Villegas-Nguyen,East Christinaview
MEREHS0W3PF177F,"Evans, Perez and Lopez",Marshallland
MEREHZEYZRR46NC,Torres-Johnson,West Frank
MEREI4BUZ8G21O0,Rodriguez-Burns,Kristenside
MEREI6I3NDTZITU,Flores-Mann,Quinnside
MEREI8RELBCHHA6,Fuller-Brown,Jillport
MEREI9ND8ZOQG7R,Burns PLC,Hollymouth
MEREIGX0X0Y4DBK,Thomas-Martin,New Keith
MEREITALKBAEYHV,"Miller, Marsh and Richardson",Hodgesfort
MEREIW9VWO22T9W,"Fox, Hess and Eaton",New Karenborough
MEREIY36UNBC4JJ,Martinez-Davis,New Christopherberg
MEREJ1EEKVEE9A1,Lloyd LLC,North Melodyland
MEREJ2NBRJBAJS1,Holmes-Hunt,Lake Christopher
MEREJ5D4DTY45DA,Lewis-Callahan,Amandaborough
MEREJBWSIHG4Y1F,Warren Inc,Gutierrezfort
MEREJM4MCBDFXXW,Clark-Kelly,Brownburgh
MEREJRZ3RCC6X6F,"Chavez, Boone and Sellers",Goodwinton
MEREJV8RH5OE6WC,"Herring, Wilson and Herrera",Timothyville
MEREK3JSZYZMH0V,"Barker, Bennett and Williams",Lake Johnny
MEREKI1OR8IN00W,"Jones, Nelson and Gallagher",Port Robert
MEREKKTYZU6HI1N,Wong and Sons,South Mistymouth
MEREKP9GZ64DQVR,"Sanders, Kennedy and Davis",South Mariahaven
MEREKRPL90FJW89,"Hall, Wright and Nelson",West Michaelmouth
MEREKXYAX3M8FHN,"Schneider, Bishop and Shaw",Timothyfort
MERELAE27U4S7EV,Dickson Group,West Veronicatown
MERELBB3V0OUIF9,"Alvarez, Jacobs and Carpenter",Lake Anthony
MERELE58J03SHQJ,Price-Hansen,Beckerfort
MERELFD7WXE3HNQ,Rogers-Garcia,Martinville
MERELOJDWQDANET,Jones Ltd,Port Johnville
MEREM000KK0WX8B,Mendez LLC,Edwardsmouth
MEREM2IVH67ZG48,"Mckenzie, Mcdaniel and Love",Perezbury
MEREM3CXMZ9WYGR,"Dixon, Romero and Valdez",Jessicaton
MEREM5MJZMSHERP,Villanueva-Mcintosh,Jonesland
MEREMFSB7UURAFT,Aguilar PLC,South Jennifer
MEREMO810U8ZCZ6,"Johnson, Wilson and Conrad",Jessicahaven
MEREN2GA2ZQNU5W,Patterson Ltd,West Justin
MEREN4FKZ1EA3CD,Moore-Black,Lake Courtneychester
MERENAW2J84TN9R,Randall Ltd,New Michelle
MERENBRPDCO4IWS,Graham Inc,Lake Melaniehaven
MERENDQDT74OHWY,"Hancock, Spence and Welch",Mccoyport
MERENNO2H1H8Y1X,"Jimenez, Hatfield and Ibarra",Pierceland
MERENOTPWD5ATY5,Vargas LLC,Sandraton
MEREO3UPMCS65ZV,Jenkins and Sons,South Deborahland
MEREODPDW3DAACK,Harris PLC,Port Brandy
MEREOH8JE43SRBR,Erickson-Lee,Jenniferhaven
MEREOOVVZ0Z4TGA,"Howard, Leonard and Lopez",East Michelle
MEREP0EKDS1SK7L,"Munoz, Smith and Moore",Michaelchester
MEREP8M4LZ0S8GW,"Davila, Torres and Kennedy",Collinston
MEREPER1N2QZ49M,"Ford, Miller and Harris",Coxshire
MEREPO2KYU97VEE,Coleman Ltd,New Crystal
MEREQ28RGUS3R6I,Morales LLC,Millerfurt
MEREQ2EOP947PVE,Roberts Group,Port Josephburgh
MEREQK3PSV9E2VY,Jones-Huynh,New Christine
MEREQOVLV766Q2E,Wall Ltd,South Steven
MEREQZXFYGW5OJF,"Lopez, Gonzales and Robinson",Nguyenberg
MERER6YPIA2IENR,Ruiz-Chang,Bethfort
MERERE7IL9VX8EH,Palmer Inc,Valenciamouth
MERERJO0CNCMYEQ,"Rodriguez, Hull and Edwards",Reedmouth
MERERS522YFGQ5H,Anderson-Lee,South Melanie
MERERXT8X0GOEK4,Rodriguez and Sons,South Alexis
MERESIEBKQVLXJN,Robinson Group,New Robertberg
MERESSJ6SO4S724,Pugh PLC,West Lucas
MERESW4IPKJS1QQ,Walker LLC,New Daryl
MERETN5OWZY1JZB,Anderson Ltd,Port Kayleebury
MERETXGBOMG8XV1,"Keller, Price and Stevens",Guzmanborough
MEREU0SZ24J0ND4,Lucas LLC,Theodorechester
MEREU2KB2S1AB78,Gould-Esparza,North Christopherhaven
MEREU7Z42UA18R8,King LLC,Derrickbury
MEREUB3LAV4D62Z,"Wang, Beck and Graham",Grimeston
MEREUCHE3HHQM25,Johnson-Solis,Colemanfurt
MEREUDXS0EC5IQH,Beck Group,South Traceyshire
MEREUU10KY4LLUY,"Barnes, Baker and Walker",Port Kellyburgh
MEREUZF8T3C09JK,"Chandler, Chang and Brennan",Lake Jordanmouth
MEREV2KK3QY5MF8,Gray-Powell,Port Joseph
MEREVDZ9KFNOLL6,Flores and Sons,South Robinport
MEREVE1TL3JP8H4,"Perez, Collins and Campbell",North Soniabury
MEREVEQ1TE9LLXP,Kaiser PLC,West Gregoryland
MEREVRXP8I436DK,"Glass, Williamson and Reyes",Sherrybury
MEREVUTFG9MOLC8,Ortiz-Nelson,West Hannahhaven
MEREW3N5P7AWGR7,Dennis PLC,Guerreroland
MEREW5FK0MRO4WO,Curtis-Williams,Mullinsside
MEREWG9NMT0E2GU,"Beltran, Lewis and Lopez",New Robinfurt
MEREWLX5S0ZZ88Q,Beard-Howell,Leeview
MEREWMHLDUJXZ4Y,Johnson Ltd,New Juliehaven
MEREWOV2D4XP5M1,Huang Ltd,Brandonview
MEREWS5AE07F8TR,Ball-Mitchell,Marshallside
MEREWV34UIO0YQ5,Jones PLC,Adamsview
MEREX45C45BD08L,Carter and Sons,Huberbury
MEREX9FWBLJZ280,"Romero, Smith and Brown",North Keithmouth
MEREXF0RJFTOZG5,"Murphy, Bridges and Hayes",New Sharonberg
MEREXQ50J7N6TLD,Hopkins PLC,Normanside
MEREXZQEAG799U7,Holmes PLC,Michaelfort
MEREXZS0XP7EF82,Terry-Johnson,Jamestown
MEREZ0216KVAZ1D,Gray-Sanders,East Jennifer
MEREZ3D1WS8B1MP,"Brock, Morris and Garcia",Lake Phillip
MEREZFZ5F4QPM3I,"Santiago, Arellano and Collins",Alejandroside
MERF00ZWNIFI0NA,Brooks-Lucas,Ericville
MERF05GOPEL5WKU,Mckinney LLC,South Jeremy
MERF05KKT6UPFJZ,Santiago-Mathis,Isaiahton
MERF1C1VZQAMQ4Z,"Lee, Tran and Logan",West Hannah
MERF1NXAU74H4BF,Gordon Group,Port Rebeccastad
MERF1V5XYQGHE3X,Tucker-Rodriguez,East Steven
MERF288T3PIELYU,Donovan-Williams,South Linda
MERF2FAY4JNCR34,Hurley-Snyder,Port Jennifer
MERF2QO3Y7LDX9J,"Ferguson, Gardner and Green",South Jessica
MERF32PM30P858F,Wall-Diaz,Richardmouth
MERF3B3M4NVQFRV,Smith-Smith,Nathantown
MERF3G481P5XLW0,"Bryant, Cox and Cabrera",East Jasminfurt
MERF3VU1V8Z5RDK,Barry Inc,Brittanyland
MERF410HNPTPTUA,Baker-Smith,Gibsonberg
MERF41EZ9LQYZDY,Chandler-Villa,Andrewborough
MERF4JQRUU7RK32,"Bryant, George and Parrish",Cassandraburgh
MERF5246LXNLWOZ,Hoffman-Lopez,East Jenna
MERF5G5Y8S4MMWT,"Fisher, Wilson and Williams",East Stephanie
MERF5KN9AVXUBU9,Keller-Watson,East Stuart
MERF5VNAFWESWKY,Barton PLC,Matthewland
MERF65L3JA6R0EA,Phelps-Baker,New Nicholaston
MERF6G2QN2XEX33,"Hall, Hamilton and Hamilton",Heathertown
MERF725QQ6EY2UH,"Mays, Smith and Contreras",Lake Kimberly
MERF72G5ZASOFUC,Wilkins PLC,South Doris
MERF77377Q4EXPH,Stevenson LLC,South Darrellfurt
MERF7E41YXLT3QQ,Gomez-Brown,New Alanview
MERF7OMHYMHV3SF,Walters-Cook,South Bethanybury
MERF7VKI4XF925H,"Wright, Scott and Elliott",East Ryan
MERF84G57UOH27Z,Beasley Inc,Port Jacobport
MERF8AN532B33QP,"Baird, Haynes and Smith",Timothyberg
MERF8PIUWKKICF2,"Porter, Anderson and Duffy",Lake Dawnside
MERF98VBZYG1UUZ,"Sanders, Barnes and Fernandez",Katherineville
MERF9ULTL8AWZSQ,"Johnson, Garcia and Moore",Eatonport
MERF9XNDWRWSIEE,Wright-Ferrell,Connieshire
MERFA23NBASPO4O,"Hamilton, Jensen and Combs",Rosstown
MERFA607Y8WXHWU,"Spencer, Gomez and Pierce",Pattersontown
MERFBGHSMFVE5Q8,Hampton-Gutierrez,South Maria
MERFCDNDAL3HZLT,Porter Ltd,Jessicachester
MERFCJJ4A52M7OK,Nichols-Williams,New Davidton
MERFCMC8WGG5RIL,Wagner-Sanders,Lake Dillonmouth
MERFCMTV09LLSWQ,Schmitt-Wright,Jamiechester
MERFCNS9WWDPBID,"Burke, Harris and Smith",Martinville
MERFCRG7CSOZ3Y7,White-Ball,East Nichole
MERFCRL73Q225NK,Wood-Flores,North Warrenville
MERFCS2A7GJ4ELJ,"Thompson, Wood and Chapman",Jessicaburgh
MERFDEXTH1JKEN8,Garcia-Brown,Bankstown
MERFDJRRK8Z3694,"Norman, Bailey and Hughes",North Jessicabury
MERFDUC9QQYT86P,"Clay, Brown and Sanders",South James
MERFDUS064JKFZ9,"Hoffman, Holmes and Newton",Johnmouth
MERFDXRAWV1FHPW,Edwards LLC,Jacksontown
MERFEPTZ1L6TA83,Brown-Gomez,Salazarmouth
MERFEQCXB20EDSD,Lewis PLC,Richardberg
MERFETF6X1JCENU,"Mahoney, Harrington and Gardner",Port Matthewstad
MERFF0969U9NRXD,"Hodges, Holland and Murray",South Kimberly
MERFF0ESWAMBJ5L,Kelly-Chan,Katherineton
MERFF22JA7KSWFV,Moreno-Rush,Sarahport
MERFF7WTN44YOJI,Moore-Carter,Lake Pamtown
MERFFD4P7YXFFMB,Bishop Inc,Smithmouth
MERFFLW626HIYZ0,Williams PLC,New Jason
MERFFM8TUTH9CUZ,Anderson-Johnson,Adamsberg
MERFFMB4L56OQU9,Clark-Smith,Kaylatown
MERFG2YGUHJHIP4,"Martin, Mitchell and Bradley",North Bruce
MERFGFHS1ZOD30O,"Mccullough, Davis and Bennett",Port Valeriestad
MERFGPOV1OIRD65,Abbott-Smith,Craigbury
MERFGQM5W1M990W,Bailey Inc,North Jeanette
MERFGW08D1WDIMH,"Soto, Davis and Cline",North Jennifer
MERFGWY6VRU29Y6,Bryant PLC,Edwardsshire
MERFH8KHVAC0RPF,"Kline, Barnes and Miller",Brettborough
MERFHGXQHY50FKW,Aguirre and Sons,Elizabethshire
MERFHOO54NCO3BA,Lopez PLC,West Marybury
MERFHT18A3PKR5X,Jones Ltd,South Kenneth
MERFHV73UJHC6XJ,"Graham, Chase and Kelly",Lake Ashley
MERFHW71OG89RS8,Wilson-Dorsey,East Jennifer
MERFIVRUM0Y5ISY,Robinson Inc,Lake Whitney
MERFJF3I4UVECB5,Hodges-Carey,Riddletown
MERFJIVOSIH1LWV,"Floyd, Collins and Edwards",Port Ashleybury
MERFJRD1HM3P3DW,"Thomas, Harvey and Robertson",Lake Kim
MERFJVT0BD6AHJ8,"Gardner, Chan and Joseph",West Donna
MERFK0YW3VUJFPR,Nelson Group,Wilsonshire
MERFK7CIGWDY2JX,Hernandez-Diaz,Dominichaven
MERFK8GRXQHZWMS,Sellers and Sons,Blakechester
MERFKV353WEJ1G6,"Scott, Peterson and Patel",East Maria
MERFKWEOIC6WGSO,"Bowman, Robinson and Brown",Ramirezfurt
MERFLK1U2YFBJKU,Fox-Serrano,South Henrystad
MERFMILCWY6HHEX,"Dominguez, Baker and Watson",Myersborough
MERFMNIOQMS09HR,Jones-Clarke,South Zacharyshire
MERFMXW2OB9ESFW,"Green, Cherry and Powell",Valdezland
MERFMYRNS5E340J,"Hall, Brown and Kennedy",Hannahshire
MERFN5B2Q9O3DHO,Hodges-Raymond,New Matthew
MERFNGIRXPTOEOL,"Garcia, Harris and York",Herrerafurt
MERFNNBTJ88HPTH,Burton and Sons,South Donnahaven
MERFOACLP7VGVR8,Williams-Mendez,North Kimberlyfort
MERFOQ4QM3X7JDB,Bowman-Smith,Laurabury
MERFOSUGA5YM44I,Jacobs Ltd,Port Ashley
MERFOYO6QE4W46R,"Meyers, Stephens and Shannon",Lake Derek
MERFP3PYTGJPUMB,Perez-Martinez,Baileyshire
MERFPYSPHHBKSV9,Eaton Ltd,Hickstown
MERFPZ9KBIZG00T,"Anderson, Farrell and Flores",Alexandrafurt
MERFQ2LXE7DHTMM,"Andersen, Douglas and Lozano",Port Christian
MERFQ7YY6VG4A47,Hughes Group,North Stephen
MERFQVCN0Q7WVH2,Brown and Sons,East Dawn
MERFQXQMN70KVDV,"Arnold, Cordova and Summers",Amandamouth
MERFR529CO2POSL,Holland Ltd,Lowestad
MERFRAMQTD9PJ1W,Ashley-Byrd,North Amy
MERFRW88407JQX6,"Kelley, Kent and Jenkins",Gloverton
MERFS19RRM7GSJZ,"Yates, Kemp and Webb",Micheleview
MERFSDTXLJX4SGH,"Booth, Serrano and Lee",North Coreyberg
MERFSKD29E1PIV8,Powell-Andrews,Ochoamouth
MERFSM9X5VFUG8T,Morgan-Salas,Maryshire
MERFT0FTVIMEPF9,"White, Bradford and Kemp",Joelborough
MERFT6E1O4QGU34,"Mitchell, Reynolds and Foley",South Robert
MERFTD0BZCFNB07,"Johnson, Moore and Green",South Robertchester
MERFTO9VCG740G0,Henderson Ltd,Lake Joshuaburgh
MERFU1VT2MC2PEE,"Johnson, Dickson and Ross",West Glennland
MERFU6683RCZYQ0,Alvarez Inc,Stewartton
MERFUC2I4NROKJ1,"Johnson, Roberts and Jimenez",Nicolefurt
MERFUDFBRJJG6LH,"Cole, Solomon and Roberson",East Sydneyton
MERFUKALYXK391X,Garcia LLC,Cameronfurt
MERFUQQG0QVXLLT,Moran-Swanson,West Richardtown
MERFV0HONN2T3M4,Kent Ltd,Lake Joshua
MERFV2Q5HUW59V6,Russell PLC,Amberfurt
MERFVQX2AXAD7IW,Martin Inc,Thomasfurt
MERFVZSNZ2J6HGV,Park-Ryan,East Edward
MERFW08XY3T8WYM,"Turner, Scott and Hubbard",East Sharon
MERFWMB53Y7SY6M,Kline Ltd,Mahoneymouth
MERFXBH4HV5QMZU,Arnold LLC,South Zachary
MERFXDOU1CEY87V,Goodwin-Mueller,Jasmineborough
MERFXLYJNY0X2H4,"Ross, Howell and Jones",Lake Johnport
MERFXNNQKUTIU1C,Johnson Inc,Lake Jennifer
MERFXQEX8G5V13S,Dunn-Gonzalez,Williamshaven
MERFXQYDZWQ3H31,"Strickland, Leblanc and Matthews",New James
MERFXWWZX7POIAJ,"Webb, Brown and Mccoy",West Sarafort
MERFY2C8DSJECF8,Gutierrez PLC,New Shawnside
MERFYJQQFS7SY5C,"Banks, Miller and Lam",Richardchester
MERFYOGCQBJ43IN,Gregory-Collins,New William
MERFZ592SQ7O3K2,Ramirez Group,East David
MERFZB6KTYMGPAC,Smith Inc,Lake Paulberg
MERFZO2IBC7OGBJ,Anderson Inc,Wintersside
MERFZU0C3UOHL4I,Berger-Cole,North Andrew
MERG01NYQ4ZHFX8,George-Flores,West Anthony
MERG05QXC9SM3JT,Thomas-Bennett,Lake Shane
MERG0G9Z5WG1O3W,"Smith, Waters and Case",Ashleyland
MERG0MV8HMUQVC5,Le Group,East Cindyview
MERG0X4YHKFC7DA,Woods-Vaughn,East Stephen
MERG12EPBQ2AM93,"Barnes, Jones and Krause",Adammouth
MERG1BTX11YP7R1,"Evans, Middleton and Paul",Kathrynfort
MERG1HKM2T2IFI9,Dunn Group,North Matthewburgh
MERG243MFT6P0VI,Martinez-Taylor,Brucetown
MERG2726M8UPAC7,Patterson-Montgomery,Michelleport
MERG3E97ILMKFHV,Bennett Inc,Brownport
MERG3NDZIO5UFHI,"White, Patterson and Sexton",Lake Thomas
MERG3OIWOIJNRBZ,Henderson Group,East Cynthiamouth
MERG3PZGBF3BKV1,Martin-Smith,Lake Kimberly
MERG4D8NQR4YOUK,"Garrett, Aguilar and Love",Collierport
MERG4GFQ7O5ZY7P,Long-Mitchell,Troyport
MERG4TZD7I06HOD,Hampton-Rich,Foxfurt
MERG4XP93ZDFA3Z,"Powell, Anderson and Sanchez",Port Johnhaven
MERG5A5R0MNXT2N,"Burton, Flores and Wallace",West Robert
MERG5HBFDUJORTX,Perez PLC,Stevenschester
MERG5J27CS5ZNM0,Reid Inc,Port Timothyberg
MERG5JM6W72NJPA,"Ritter, Rodriguez and Olsen",Espinozahaven
MERG5M0OK3MLHUE,Ramsey LLC,Warrenborough
MERG5UY81FU3F8B,Reyes Group,Taylortown
MERG5ZW4G2BP2X4,Burke LLC,West Samuelborough
MERG63EOKI9IUD4,Thomas-Casey,Port Brittanychester
MERG6A4BKI397UH,"Nelson, Bruce and Hernandez",Michaeltown
MERG6DU8MM49OWC,Wilson-Smith,Mindyborough
MERG6JTQUASZZ97,Sweeney Inc,South Steven
MERG6MH46GXCRLA,Swanson-Jones,Muellerside
MERG6XHHNUM21VW,Cole-Griffin,Port Rebecca
MERG71OAUZI06UO,"Hernandez, Medina and Parker",Castilloside
MERG78K5PFGRTSK,"Collins, Rice and Smith",Austinfort
MERG7BF42FFYF5W,Gonzalez-Jones,North Elizabeth
MERG7HH4G23MWS8,Walsh and Sons,Chadfort
MERG7HPW3M2HEYW,Martinez LLC,Powellton
MERG7OTI5ER938C,Ruiz-Davila,Stephanieport
MERG84IY4CKPBFS,Vargas Inc,Millerchester
MERG88ULFIHIF32,Nelson-Jacobs,South Rebecca
MERG8JE8VYP50H0,Johns-Foley,East Joannefort
MERG8JFBK2CBJ75,"Pham, Williams and Sanchez",Romerobury
MERGB8XIOXV6S66,Jones Ltd,Josephberg
MERGBEGN4DF934D,Jackson-Robbins,New Joeland
MERGD5GZZUQ6SVX,Wyatt PLC,North Carriehaven
MERGDSL2FHRNIL8,White and Sons,Lake Lee
MERGDXWQE3TZ8UJ,Cannon Inc,Valdezton
MERGEDANIBX7DC5,"Walker, Peterson and Hawkins",Johnberg
MERGEHJ4ETFLDHG,Ellis Inc,Christopherville
MERGEMJ3TJXIFA1,Carter LLC,Graybury
MERGETANJ95KAM0,Smith and Sons,Weaverton
MERGETNPBJEQT9Q,Ball-Cross,Barrychester
MERGEVJ2QIG3MW2,Melton PLC,New Lindseychester
MERGFQPACQC99AJ,Green and Sons,Jonesfort
MERGG6V3HSHB77Y,Winters-Hester,West Timshire
MERGGG1OEAK3OTJ,Robinson Ltd,Richardsonland
MERGH1EHLW8OQFB,"Lawrence, Anderson and Williams",East Eileenfurt
MERGHNCRBZS6JYE,Key-Herrera,Rodriguezton
MERGHP2X0HQHPRW,"Murphy, Freeman and Bates",Tanyaton
MERGHPTTM0C97GI,"Sanchez, Greene and Sanchez",Christianfort
MERGI5648XO43X8,"Martinez, Rose and Schwartz",Lewismouth
MERGI5GNHFXD89W,Rosales PLC,West Isabel
MERGJA2G3CB9CQD,"Calderon, Tran and Norris",Markstad
MERGJRVWQQNXJO6,Boyd Inc,Kennethbury
MERGJV6DWLITJU3,"Hardy, Martinez and Sanders",Julieshire
MERGJZ3OXI729T0,Anderson-Burgess,West Susanburgh
MERGK32XIM80R28,Williams-Foster,Pattyshire
MERGK6FGYPNAWO8,"Miranda, Jones and Brennan",East Lauraburgh
MERGKAJDNANX1QT,Alvarez-Taylor,Port Ryanside
MERGKT71YDK5IFS,Farmer LLC,Tuckerside
MERGL3LH2DX3YIC,Reed-Briggs,South Melissa
MERGLAPAJQL2Z0Q,Proctor-Rosales,New Brianborough
MERGLSQVGOILTGG,"Pope, Edwards and Curtis",West Matthewbury
MERGLY9ZN0M5I6U,Moore-Mendoza,Brownshire
MERGM1X9IMY3HQQ,Armstrong-Torres,New Jennifermouth
MERGM53ELTISICT,"Campbell, Schneider and Clarke",Port Stephanie
MERGMGG4GNBFTK1,"Murray, Knapp and Gates",Williamsland
MERGNBN53M7ZXY3,"Sanchez, Gordon and Mitchell",Shepardland
MERGNCLIO3Z57CI,White Group,Kellyshire
MERGNG8DOH6R1US,"Mercado, Young and Gonzalez",Port Monica
MERGNJ7WY9J4ZNI,"Hall, Acevedo and Horne",South Cynthiaport
MERGNOSTOR21J29,Clay-Sanders,Donnaport
MERGNPVAW1MBJIF,"Wright, Perez and Miller",West Melanieland
MERGOAVNYGUH4DL,"Carson, Stevenson and Phillips",Johnside
MERGODGA3DS0JD7,"Johnson, Harrison and Jackson",East Kenneth
MERGODUZDK6RCRY,Bennett Group,New Zachary
MERGOF9VQVPB1WG,Mckinney-Blake,East Michaelmouth
MERGOJCA1KDU8U2,Beard-Boone,Anneshire
MERGOSNTYM2RMMC,Dunn-Perez,Monicaland
MERGOTRTGV4YF7M,Barnett-Adams,South Georgeland
MERGP74G2PZIZ73,Lawson-Thomas,Newmanbury
MERGPDSR9R9QC3W,Barton-Vance,Jenniferland
MERGPJAE8SKC6KT,"Hernandez, Taylor and Bailey",Jerrymouth
MERGQ2GI8NIYV3N,Rodriguez-Evans,Washingtonfurt
MERGQ2IWXCKN96X,Callahan Inc,Jimmymouth
MERGQ63X253SKDY,"Calhoun, Bruce and Alvarado",Lake Margaret
MERGQ7JCG8LIHTZ,Jackson and Sons,Nathanmouth
MERGQEY91OLV00S,Mccullough LLC,Lindsaybury
MERGQH227YRPBHV,Turner-Miller,Grossville
MERGQHJHZJLQI50,"York, Landry and Hernandez",Matthewside
MERGR4QJ0NPMFWQ,Vance-Weeks,South Davidport
MERGRE57FY3UA3F,Stewart-Knight,South Kristiburgh
MERGRFGOM8P8JSX,"Delgado, Pineda and Taylor",Triciafurt
MERGRIARJX8WV4Y,Hull Group,Andersonside
MERGRV2RW1PLBBY,"Reed, Johnson and Brewer",West Wesleyberg
MERGS3N0KSR61S7,"Brooks, Guerrero and Washington",South Lindsey
MERGSCJHGGCMMB2,"Stark, Rice and Avila",North Derrick
MERGSYNWQOQMHLG,Johnson-Wilson,Mariafort
MERGTNVA1S00SKP,"Pearson, Madden and Murray",Morristown
MERGTQ00U2NHWBT,Vaughn Inc,Lake Sarah
MERGTU12GGOHR7X,"Harper, Taylor and Keller",West Robert
MERGTYZJAFS0JHO,Wood Inc,Sallyton
MERGU0PGO6W1FEL,Torres and Sons,Jamesview
MERGU3OBH0KM4Y2,"Spears, Santana and Thomas",Wolfeland
MERGU7759GHU9Z7,Parker-Doyle,West Karenside
MERGUB050SAV625,Morris PLC,Townsendmouth
MERGUCVD1455E8M,Flores Group,South Jacquelineland
MERGUR0676JGJOI,Marshall-Hall,New Susanstad
MERGUWDTZYB6CCH,Day-Thomas,Port Michael
MERGVC4P4JOGNEQ,"Garcia, Austin and Powell",North Denise
MERGVNV798JKQK2,Campbell LLC,South Tanya
MERGWJM0C1JCGJR,Wilson-Reed,Markside
MERGWK7FUC3M48I,Cowan Group,West Derek
MERGWNMS0SIS877,"Mcdaniel, Martin and Mercado",West Justin
MERGWVMDU0X700V,"Salazar, Villarreal and Fox",North Reginamouth
MERGWZ71EYJ9JEO,Jennings LLC,Port Laurenchester
MERGX23XLK0Q89N,Hinton PLC,Brownfort
MERGX3G6M60PJYM,"Green, Perkins and Park",Chasemouth
MERGX4TEMEI5B5N,"Jones, Mills and Chen",Wallsport
MERGX9TEP1G8J2S,"Bird, Ross and Hale",Randyville
MERGX9WUJ8Z0CMU,Velasquez-Scott,Thompsontown
MERGXQN3MBE3FEX,Sanford-Gutierrez,North David
MERGYKVUXI46ARB,Washington and Sons,South Jenniferview
MERGYLD47G0SSXT,Johnson Ltd,Hernandezchester
MERGYXJ7N0P9KVT,Mcmahon-Chavez,Rebeccaberg
MERGZ3JUBIL41EX,Henry-Martin,East Teresaborough
MERGZSSWPB4GOIH,Rhodes-Evans,Morganberg
MERH0IY9EXY6R1K,Wilson-Hamilton,Baileyport
MERH17EOL12EO19,Rios and Sons,East Ronald
MERH1LR4HAVKQAX,Walker-Livingston,Bellland
MERH25B02TWF6CD,Todd-Pugh,North Justin
MERH275N1EFD5XA,Brown Group,Lake Alexandertown
MERH2JFMXHOMA9Q,Kelley-Nelson,Allisonton
MERH3VV545715LT,Mcdowell LLC,Tinatown
MERH3X8YJU1O6UN,Campos-Cooper,East Lorifurt
MERH4G6KRRBTJ9G,Tate-Rodriguez,New Johnchester
MERH4Q74HOC4RZY,Oneill-Mann,Arthurport
MERH51QQ2F9SEU0,Sanchez-Spence,South Brittanymouth
MERH52WSJOZFV1I,"Decker, Bentley and Dougherty",East Brian
MERH58HPOINGVW5,Freeman LLC,Weberland
MERH5IQZLXL6DZL,Greene Ltd,Port Williamville
MERH5OVWOCKMZEQ,Young PLC,Port Dawnmouth
MERH5SE9MKQB07T,Garrison-Lee,West Patricia
MERH62VIEC4EV07,"Calhoun, Price and Sanders",North Lisa
MERH6KOZ2S7VE5Q,Morris-Randolph,Jacquelinetown
MERH6MZ3P64P2PW,Harrison-Brady,New Abigailbury
MERH6OM03YZPS99,Martin Ltd,New Gregory
MERH6S06XGMPTIH,"Carter, Sparks and Wilson",Ronaldbury
MERH6UGAP8X803X,"Caldwell, Gutierrez and Schultz",Perezfurt
MERH73Q3SQJUCAG,Davis-Caldwell,Collinsville
MERH7IXO3FCHODW,Armstrong Group,Oliverland
MERH7JSRT965VS5,Evans-Jordan,West Donna
MERH7OTFJHN4IBB,Brown Inc,North Matthewfurt
MERH7X2BN453XNI,Porter-Stokes,Velezberg
MERH7X4G0RA8GG8,Welch and Sons,Cameronview
MERH8QPF5QX1BKZ,"Figueroa, Bishop and Cohen",South Davidton
MERH8USMDZ1YCGR,Luna-Hernandez,East Cory
MERH91VFF1RHM3G,"Jones, Bryan and Herman",New Brendafort
MERH9SLF6D8AOTD,"Goodwin, Powell and Green",New David
MERH9U67O28EKDF,Anderson and Sons,Bellland
MERHA1R8OQK4AQC,Smith-Johnson,Brianahaven
MERHAC2KWRE0UN3,Cole-Reed,Davisstad
MERHAK016BQH4TM,Hendrix Ltd,South Donna
MERHAK9KYS0H1B1,Crawford Group,Hallberg
MERHAO0C6D04NO5,Allen-Watkins,Wilsonchester
MERHAOU7RXDQC8Y,Hall-Howard,Brendafort
MERHAZKRZGQSJPS,"Lee, Meyer and Arnold",Lake Codychester
MERHB3Z0TV7IXDB,"Lamb, Thornton and Moore",Gabriellachester
MERHBVLZCC2O7H8,"Jackson, Thomas and Gordon",Popeville
MERHC6SD14SV4G9,Day-Brock,Michelleton
MERHCP8A3ED8D56,"Ramirez, Hall and Short",Kimberlybury
MERHD0IPJ5W20II,"Shaw, Wilkinson and Shaffer",West Erika
MERHD3CYN2L2Q69,"Hudson, Cruz and Thomas",Dillonberg
MERHD81BVHYGVNO,"Mosley, Barker and Williams",Amybury
MERHDD1CUHWDB7P,"Diaz, Nolan and Allison",South Jamiemouth
MERHDZ0XT6U2VDR,"Stone, Sharp and Marquez",South Laurie
MERHE4GUL1L89OH,Williams Ltd,West Anita
MERHE7IW9LXYMWD,Lowery Inc,New Holly
MERHEMFZB3VS74O,Cruz-Schmidt,Lake Stephanie
MERHEXMPFDC9I5N,"Lynch, Lynch and Smith",Aliciaton
MERHFJCEMNYGAGE,Perry-Hines,Port Marytown
MERHFLO0CMEXC13,Fuentes Inc,Port Ryanfurt
MERHFM0YD9CAXHB,Herman-Price,North Erin
MERHFNCQSFNWKAN,White Ltd,East Glennmouth
MERHFQ5E51LACTV,"Bates, Williams and Smith",Williamsport
MERHG1Y0RYHXGE2,Payne-Baker,West Benjaminbury
MERHG6AX5HP1K0E,Kelley-Clark,New Ashley
MERHG90BMN3E3BO,Hendricks Ltd,Holmeshaven
MERHGM0QBYR22YX,Beck-Page,North Kathrynside
MERHGTV46P6QPMJ,"White, Knox and Dillon",South Henry
MERHHC8JRU57RE2,Nguyen and Sons,Lake Matthew
MERHHEWCQG2CXZ5,"Medina, Murray and Chapman",New Christopher
MERHHGDYUS5G7B0,Smith-Moreno,West Karenville
MERHIDWOUEDN109,Mosley-Stewart,West Cindy
MERHIF99VLE1O3Y,Davis LLC,Wilsonchester
MERHIHG4R9QF2VO,Perry-Wall,Andrewshire
MERHIJ1IDG5FTGL,Olson LLC,Alexanderview
MERHIJ6ZP888B63,"Jones, Chapman and Stephens",Vincentburgh
MERHIKKXQ5LOZLG,Gibbs PLC,Edwardmouth
MERHIOY9YIFKIA4,Brown Group,East Cody
MERHITKKAEHKUNC,Casey-Hernandez,West Glenda
MERHJ63MK5FUO6O,Holland-Miller,Davisbury
MERHJ7MK6QF8F29,"Ross, Johnson and Hanna",Aguilartown
MERHJBUE2SHKTRW,Washington Inc,North Leah
MERHJFXK2OHTTIT,Copeland-Padilla,Jennafort
MERHJLFAX3QNMRK,Potts-Smith,Lewisberg
MERHJRPDRO4GFTF,"Roberts, Elliott and Bridges",Kimberlystad
MERHJU8ABQUDB75,Torres-Williams,Lake Jamieville
MERHJUDX1M94XU1,"Ingram, Cooper and Jensen",South Erinchester
MERHKA30L65BJWQ,"Robinson, Taylor and Rogers",South Lauraville
MERHKBAON5GV0OK,"Davis, Thompson and Hayes",New Randallhaven
MERHKC0SQF309GR,Love-Boyd,South Nicholas
MERHKFI0GCS24F6,Williams-Lara,West Patricia
MERHKG88LKDGQ08,Mendoza-Tran,West Johnny
MERHKPTOUHIXBPV,"Martinez, Black and Torres",Andreatown
MERHL3ESTSGLEI6,Harvey-Ponce,Port Toddstad
MERHL8RQ4PJ1NS2,Smith-Davenport,Evansland
MERHMCH6NOGT65I,Ross Ltd,Garciabury
MERHMMS0S0SH12Y,Holland and Sons,Georgemouth
MERHMS1B6QHFCQ7,"Tucker, Ruiz and Santana",Wellsview
MERHMYHSPYTGPBH,Miller-Stone,Tracystad
MERHN2O81R1F2SY,King Ltd,Port Danielhaven
MERHNC4ZFMDA8VK,"Holder, Schmidt and Brown",South Nicholas
MERHNVNN7HJ0UTD,"Young, Smith and Fox",Christinemouth
MERHOB431H0JIYH,"Wallace, Williams and Solomon",Port Joseph
MERHODX0850NRRB,Walker-Houston,North Christinaton
MERHOF818SJ4KVG,"Morgan, Fernandez and Green",East Mark
MERHON6MB4PYZGM,"Gilbert, Williams and Johnson",New Jennifer
MERHOWM4TJSTJ2U,May-Stone,Cherylfurt
MERHP37MGPH7FV8,Torres Ltd,Lake Dianashire
MERHP6PCKNW0THX,Jones Ltd,Port Alexander
MERHP74PA7ALCEU,Powers-Taylor,Port Susanstad
MERHPIVDD2693U5,Jordan and Sons,Nicholsburgh
MERHPQYRIL8S3SS,"Dean, Cruz and Davis",West Ricardo
MERHQF9E1TF5QDP,Stewart-Sims,Julietown
MERHQNR0MVIGUZE,Martin Ltd,South Meghanville
MERHQY88T7AUWGZ,"Tate, Williams and Moreno",New Williamstad
MERHRF5GRJY7ZIH,Brandt-Figueroa,Port Tammyshire
MERHRGUPJKVPL7G,"Harris, Hebert and Sullivan",Laurenhaven
MERHRK2XG3RW6QY,Kidd-Hancock,East Deborah
MERHRT04IZK2E9Q,Powell-Brooks,Lloydside
MERHRU47N05SSGR,Smith PLC,Parkermouth
MERHRV6RINDE8F2,Bishop Inc,West Amy
MERHS1EW44PS31U,Curry-Ortiz,Stephenton
MERHSB89Y39GIYU,"Sanchez, Lin and Davidson",West Shellymouth
MERHSM8PJIIX7DX,"Gomez, Cook and Vazquez",West Tiffanyburgh
MERHSQKRD6YFPEC,Sullivan Ltd,Bradhaven
MERHT1TFZ5Z3B7U,Thornton PLC,Bellville
MERHTACG01WMYAI,Petersen-Miles,Susanfort
MERHTPRMZJNOY2H,Wallace PLC,Lake Wendychester
MERHUDCBVAVQX1V,Kelly-Parrish,South Mark
MERHUIOBAM7FBZJ,"Green, Delgado and Ortiz",Lake Lisa
MERHUN2NJK57MA0,"Johnson, Gray and Estes",New Amber
MERHUPI2PUXK5CW,"Miller, Rasmussen and Wall",Harveyhaven
MERHUV3GNADHVVU,Wilson Ltd,Port Brian
MERHUZETUH6RHSU,Ortiz-Hammond,Lake Margaret
MERHVA0GYPJDQ8V,"Mcpherson, Hunter and Cox",Christophermouth
MERHVQYVJ1KVVLI,Thomas-Mccoy,East Laurieborough
MERHVSUEF60FE28,"Brown, Thompson and Martin",North Codystad
MERHW0ATEXJG7BI,"Ross, Rivera and Pittman",West Wayne
MERHW5PJC9S6GH0,Baker-Dunn,North Lauramouth
MERHWVIA6LPX56T,"Roberts, Griffin and Roberts",Victoriaville
MERHWZYBYT0Q94X,Green-Freeman,New Sherrytown
MERHXENKUNTCG47,"Oneill, Phillips and Haynes",Erinside
MERHXW76JJXQPJF,Mcbride-Peters,Hobbsmouth
MERHXZDW3RPJW0U,"Patrick, Rowe and Obrien",North Ross
MERHY31DO5JJKHQ,"Bowman, Anthony and Ortega",Kristinville
MERHY36S7P3C4UE,Parker-Martin,Sierraborough
MERHYJ0GT0QY46E,"Robertson, Williams and Jones",South James
MERHYL6CGSZE7P9,"Tran, Tate and Brown",Danielland
MERHYLZ4I7OGRY4,"Peters, Munoz and Johnson",Josephhaven
MERHYNWQ1YU6Q1O,Mitchell LLC,East Angelaberg
MERHYS5BMXTESRK,Smith Ltd,New Elizabeth
MERHZ2CZI06TDFR,Kim PLC,South Dannyland
MERHZ5RXCIKC8EI,Gomez-Morrison,Port Crystalview
MERHZQNJN0N9HNR,Spence-Wright,Thomaschester
MERI02MZUV09YP4,Tucker-Wilson,West Mark
MERI03IOFBL8ATJ,"Lee, Rodriguez and Smith",Lake Andrewchester
MERI0XUJWJTP0OJ,Taylor and Sons,New Michelleside
MERI0ZKVPR9RIPL,"Jackson, Phillips and Anderson",Lewisview
MERI1F9CQVBKCDP,"Ford, Hahn and Gonzalez",Alexandriaville
MERI1GJIZEFXMQO,"Hamilton, Salas and Mitchell",Davismouth
MERI1RXUQ50MY15,Hawkins PLC,North Earl
MERI1VX9TL88AQT,Martin Inc,East Brianchester
MERI1X41YF7SDKP,Harris-Williams,Oliverton
MERI219B9IJFA4W,Chavez-Mcconnell,Port Wendystad
MERI24NSDW6U2LI,Snyder LLC,New Mary
MERI25LHXMDEN80,"Martinez, Barnes and Andrews",Tinamouth
MERI2B5CPWI5P4Y,Gonzales PLC,Blakeshire
MERI2RQVYRQ9SU1,Porter and Sons,East Johnfort
MERI2S4JTCHYWVU,"Smith, Baker and Snyder",Thomasstad
MERI2THCK4ZV3ZN,Mendoza-Mcclain,Byrdville
MERI30FPEW0WRRQ,"Walton, Griffin and Walker",South Jamesburgh
MERI36WZ6X71L2E,Davis-Lynch,South James
MERI3B9OEQ9AQPZ,"Frye, Clay and Duncan",Keithton
MERI3BG5C9XIBLI,Gomez-Mcdowell,Port Donna
MERI3BQNPX48Z46,Jackson-Butler,Meyerstown
MERI3K20A00MYFS,"Greer, Richards and Evans",Lake Jeremyport
MERI3MAH5ESKSOK,"Hamilton, Miller and Smith",Hammondburgh
MERI3ZBX7UP6SKW,Foster Ltd,Melanietown
MERI40BVNJBHYCV,"Collins, Ballard and Robinson",Grayfurt
MERI4LT05R0OK6E,Reyes Inc,West Shaun
MERI4MWMXTWBC7D,"Mckay, Warner and Anderson",Shelbyland
MERI4MY8B03RGNZ,Levine-Richards,Sherryside
MERI4PUJHU51HKP,"Miller, Rivas and Peterson",Wellsview
MERI5U0DQTCAS9R,Shepherd PLC,Port Brandy
MERI5U2ED95JO3H,"Christian, Ford and Long",Lake Victoria
MERI68JP0JLHMNF,Howard and Sons,Estradaview
MERI6HLT2B9RYSN,"Swanson, Powell and Robinson",North Sydney
MERI6K0OHEUA6J9,"Andrews, Butler and Deleon",Floydland
MERI6UGMJ6Y2POO,"Hebert, Jones and Wood",North Tyler
MERI6Z6C4F9LM92,Briggs-Sosa,New Barbarabury
MERI71UX13Q7F0O,Haas and Sons,Hoffmanchester
MERI73L7UPKIR4H,Clark-Mathews,Lawrencehaven
MERI76PB903LRHT,Jordan LLC,Brittanyland
MERI7QSEIRA6N48,Miller PLC,Mirandachester
MERI7VQ9UA94SZB,"Farmer, Patton and Mack",Perkinsside
MERI8LR9R32WPF2,"Perez, Henderson and Price",Floydtown
MERI8S2MF1L9WGC,Waters Ltd,West Traceyton
MERI8T38YNPP2AD,"Johnson, Evans and Martin",Lake Michael
MERI97AT12T4OHN,Harris-Logan,Heidiview
MERI9IRJPOT8ZM0,Ross and Sons,West Ashley
MERIAF4X2ADA5EK,"Roberts, Smith and Leonard",Kaylaview
MERIASP1QKYSYY9,"Boone, Gray and Gates",Myersbury
MERIB0B357GQKMD,Williams and Sons,Tonyamouth
MERIBG4ZV23EMWQ,Mitchell Ltd,Walkerborough
MERIBOM07PO2AUM,Coleman-Cunningham,Pamelamouth
MERIC7HIZ7R2Z28,King-Martinez,North Moniqueside
MERIC7XGJV8ISW7,Fox-Bishop,Torresport
MERICAX1HOTWGHK,"Hudson, Berg and Green",Raymondland
MERICGOK80HOV77,Hughes Ltd,Ronaldborough
MERICLY567UU6B5,"Reid, Miles and Lambert",Lake Bethanymouth
MERICQIRW4TZGSO,Evans PLC,Donnabury
MERID2JMRHXE8OM,Miller Inc,Kristinbury
MERID44TQ6FGPXG,"Ware, Sanchez and Caldwell",Ashleyberg
MERIDQH3AM0WO7H,"Rivera, Rodriguez and Caldwell",Bushshire
MERIDSBTMY2SN38,Kirby-Davis,Reynoldsview
MERIET2N5QREKA8,"Abbott, Bailey and Barnett",North Alexandriaton
MERIEWDLMNPXDX6,Ayers LLC,North Juanburgh
MERIFQZUYPKTGNB,Hughes Ltd,South Evan
MERIGP3PITSNY7C,"Torres, Jensen and Roman",Lake Pamelafurt
MERIH2SDWZ7C0DJ,Smith and Sons,Pricefurt
MERIH81GEMI9JTR,Dunn-Snyder,Washingtonberg
MERIH84B3CU33XC,Campbell-Ward,Jordanville
MERIHE7N29TCT09,"Hall, Larson and Woods",Kaylamouth
MERIHIOKK7BM907,Moore PLC,New Donfort
MERIHR6451A4EOY,Chan-Mendoza,Josetown
MERII34B2J48J65,"Braun, Delgado and Eaton",East Chris
MERIJ353S6HPUT2,"Weiss, White and Taylor",Barryfort
MERIJBVMYPTAD31,"Woods, Waller and Brown",Vaughanfort
MERIJEW023DX96V,"Robinson, Brown and Bruce",Lopezchester
MERIJFP9EBGRMB5,Watson-Phillips,West Jillton
MERIJGRIM0CBKWL,"Watkins, Marquez and Wagner",New Joshua
MERIJH9S9340A9F,"Moore, Richard and Lam",Cindyview
MERIJIUYRKONY4X,"Wade, Harrison and Willis",Heatherton
MERIKSTZ5O0Q1BL,Glass-Long,Thompsonberg
MERIL10UDHC4TS6,Russell Group,North Todd
MERILQ4MEEECDMR,Vasquez PLC,Dianaside
MERILUX3WJQ5QQX,Henderson PLC,West Christineport
MERILXBSXKENPLD,"Martin, Thornton and Lopez",Jessicamouth
MERILXK9KIR114Q,"Sanchez, Carr and Cowan",Tammybury
MERILXSQ2WCO9WJ,Hall-Greene,Port Rickymouth
MERIM2LVI8J75WU,Wiley and Sons,New Jameshaven
MERIMKK016UAJ81,"Phillips, Johnson and Thompson",Haleyburgh
MERIMMR5AICFB6N,Smith PLC,Amandaland
MERINOFGJCZ6CG3,Parker Inc,Darrellfurt
MERIOOINSPGK2MO,Hall Inc,Smithburgh
MERIOQ5XTWIGKQI,Shelton LLC,North Christopherside
MERIP01W7O9L2RS,Santiago Inc,Anitabury
MERIPFTW7JP2515,Garcia-Ruiz,Port Kimberlyland
MERIPSDXTI1AVEC,George-Johnson,Dakotashire
MERIPWJ6BUVMJZ0,Gomez-Jones,Smithfurt
MERIQSMQENR5GYO,Rhodes-King,Haleybury
MERIR3JDFE5Z7KQ,Aguirre-Porter,Anneburgh
MERIRBEICFQ710R,Johnson Group,Smithchester
MERISHCLD1RAMD0,"Harper, Rodgers and Miller",Port Mackenzieberg
MERISNDY22AUB33,"Reid, Erickson and Phillips",Lake Barbarabury
MERISRKEP2R40QJ,Hogan-Mathis,West Kimberlyburgh
MERISSP8G1PFZUV,"Miller, Wu and Sharp",Lake Juliemouth
MERITFCAVH1GULO,Proctor-Holmes,East Alexis
MERITM3Q7I2TYS2,"Thomas, Wallace and Jacobson",North Darrellbury
MERITMG1OAA2SDF,"Briggs, Larson and Campbell",South Philipborough
MERIU7W11HMSKAI,"Ramos, Obrien and Howard",Lake Samuel
MERIUMTR8WUFFGV,"Patrick, Johnson and Morales",South Kelsey
MERIUWOY3Y643NX,Rodriguez-Luna,Kristinfurt
MERIVDUW151OO3Z,Burns LLC,North Heathermouth
MERIVSND5YPBJ0F,"Green, Cooper and Armstrong",Mckinneyton
MERIVXF0QDLQX1Q,Moses-Pineda,East Katherine
MERIWBKJKCG21F0,"Shaw, Lam and Moore",Angelabury
MERIWGAH58YBAVS,Lynch and Sons,Lake Paul
MERIWH03X91FMCU,"Ingram, Butler and Hawkins",Port Bethanymouth
MERIWJKY0GNK0IE,Williams-Smith,Jesseland
MERIWOQ0QOBUPPY,Powers-Herrera,Lake Leonard
MERIWQVKDLVJJ2M,Bennett-Reed,Huntertown
MERIWY8JGUXAWPO,"Schmidt, Gonzales and Sullivan",Port Joan
MERIX95HMW2EO2L,Robinson Group,South Mirandatown
MERIXH95AFB3W50,"Reed, Gonzalez and Peterson",Jessicahaven
MERIXQDVF905KO3,"Boyd, Delacruz and Chen",Racheltown
MERIY60QFFXJ45B,Sawyer-Brown,Smithville
MERIYBR3A48RFPG,"Mack, Atkinson and Cervantes",Port Ashleyfurt
MERIYE583827CC5,Keller-Martin,South Steven
MERIYEM4RDKLZH0,"Gilbert, Reyes and Lopez",Lake Robertchester
MERIYRFV4XWUM2E,Knapp-Bishop,North Jordanberg
MERIZDTTUSY23P2,Howard and Sons,North Allenmouth
MERIZIJJDN9S8BD,"Murray, Chen and Hamilton",West Jonathan
MERIZROEHEY1SCW,"Moss, Graham and Adams",Lake Christine
MERIZS67R7A14W9,Brown-Bailey,West Nicolefort
MERJ02SIPXNW4H7,"Fitzgerald, Williams and Gallagher",Wrightfurt
MERJ066XK2X74CJ,"Smith, Garrison and Holt",West Michaeltown
MERJ06SY43Q6GR7,Cook Inc,East Andreahaven
MERJ0840UDKYX2Z,Strong Ltd,Matthewmouth
MERJ1PAMYV4SYG8,"Garcia, Hayes and Castro",Hudsonburgh
MERJ1Z32S5I2BNP,Prince Group,East Davidmouth
MERJ24DYIA21CB7,Frederick-Simpson,Adamland
MERJ2E6UJECYXYE,"Parker, Johnson and Johnson",Taylorberg
MERJ39FTTQ1LLTA,Castillo-Rodriguez,West Karenshire
MERJ45XR3ZVJUS2,Bush-Evans,Karenville
MERJ4HKJG1IROCZ,French-Moore,New Johnborough
MERJ4SA1XGON6CI,"Esparza, Marsh and Fields",North Morganborough
MERJ4SDS9VUPIK6,"Craig, Mercado and Mccarthy",Jonathonview
MERJ4SQF9Y19WOD,Peters Ltd,Port Taylor
MERJ5HQIDBVTHMZ,Armstrong and Sons,Port Michaelland
MERJ5K0Z1QI8MWV,"Wright, Day and Rivera",Rebeccabury
MERJ5KNCD3WWF9Z,Miller Group,West Jennyport
MERJ610ZUFOKUI4,"Goodman, Wheeler and Rose",Andersonland
MERJ6A15XCCWY6D,"Hood, White and Arnold",Samanthaland
MERJ7C3EG6FVMD7,"Gray, Faulkner and Parker",West Timothy
MERJ7LWBO532HTZ,"Shaw, Robinson and Walker",South Hannah
MERJ7SHY0G3FPJ0,"Hall, Allen and Ward",West Barry
MERJ7TN9QHA8AQ9,Nelson Ltd,Sueberg
MERJ7XZG993O4W0,"Hart, Davies and Hayes",Kaylastad
MERJ8OCJMJYS3UF,Dunn-Jones,New Paul
MERJ8UW7U3ELPZD,"Robertson, Munoz and Vargas",Port Richard
MERJ95WTJD31GV2,Lambert and Sons,North Kathytown
MERJA28ONQSGAH8,Mcpherson-Perry,East Carlos
MERJAS7I217VBZO,Graham-Martinez,North William
MERJAZ8G5IWBFOG,Daugherty-Turner,West Brian
MERJB0WYXEVDCEW,Perkins LLC,West Rogerside
MERJBWREZOM1QTR,"Phillips, Perry and Mata",Tuckerstad
MERJC5MAXMARGPS,Wise-Romero,New Blake
MERJC9ACCDO2QLN,Ward Inc,Lake Bethview
MERJCCD9QBWX8CG,Taylor Group,South Christineton
MERJCI8NV7HMV8K,Hernandez-Ramos,Dawnstad
MERJCMBSV6ZU94E,Lowery-Kramer,Lopezmouth
MERJD7LFA2961QC,Price LLC,New Stuart
MERJDGOX5RZAANM,"Byrd, Ellis and Morse",Phillipside
MERJEER00J6LAY1,Powers PLC,Lake Sandra
MERJEPRCMFARR1N,"Delgado, Glover and Reed",Lutzside
MERJF2CWPMQOH4S,"Wright, Melton and Dean",Nancyborough
MERJF64AGE63CKP,"Whitaker, Burgess and Cook",Amandaport
MERJG13GGLJLNX5,"Martinez, Adams and Martin",Brooksmouth
MERJG5UE1R7UKTQ,Yates-Cummings,New Scott
MERJGBHFF9DXWHO,"Stewart, Mcdonald and Klein",South Joebury
MERJGM9FSOC4H0O,"Stevens, Morris and Hebert",West Andrewberg
MERJH1LO8L3UEWH,Stephens-Martinez,Angelafort
MERJHAB6WX4M2KS,Morris-Vasquez,Michaelchester
MERJHERIV2I5LHD,Zhang-Patterson,Kevinmouth
MERJHEWBXAO2PKZ,Blackburn Ltd,Robertmouth
MERJHFIU7K1DWC2,Anderson-Costa,New Geraldside
MERJHKBMHMPR7L2,Morris-Gordon,Silvaville
MERJHNCJSS405GV,"Bush, Miranda and Fields",South Sarahburgh
MERJHP1SRXHBC8E,Curtis-Farley,Dawnburgh
MERJI3X3M0BSZHS,Lutz LLC,South Kevin
MERJIDQZTAG2G0A,Williams-Blevins,Lake Erin
MERJIPB3VJJ3WRX,"Torres, Clark and Payne",Kimfurt
MERJJ4FK2UDT92K,Thomas-Acosta,Port Bridgetside
MERJK33ASTC4YNF,Griffin-Harris,Lake Wendy
MERJKJB6NROCNH0,Ward PLC,Port Terri
MERJKLNNNMI9M1J,Rowe Ltd,Lisabury
MERJLBIXFT1UNG9,Carter and Sons,Thomasmouth
MERJLJBUMCC8JFH,"Perez, Day and Burns",Lake Paula
MERJLM7VTOI9SED,"Arroyo, Gardner and Kelley",Underwoodfurt
MERJLW8I6YETFU5,Pollard and Sons,Angelatown
MERJM71Q7PF7K1M,"Leonard, Reese and Richardson",West Janeville
MERJM8QXQNBNUE6,Young-Rodriguez,East Andrew
MERJMGA93V8ZXHG,Montes-Meyer,Bethberg
MERJMGHI88SCO5K,"Ramos, Myers and Smith",Gailville
MERJNOWR00OZ2S3,"Smith, Hunter and Hart",West Carrie
MERJNTE1IJL7JIH,Browning LLC,Alexisburgh
MERJNV53K7XFJBF,Ball-Maxwell,North Mary
MERJOMBVVWPCENL,Thomas and Sons,North Ashleyfurt
MERJOTQQIR4VVNL,Warren-Torres,East Anthonyside
MERJOY28L3Z98CM,Greene-Stevenson,New Amyberg
MERJQ0PE8LS6R0A,Lee-Mercado,Nicholsstad
MERJQ3ZLFFRZQMP,Lang LLC,Bowenburgh
MERJQD3AXZNGN15,"Brown, Bolton and Roman",North Sara
MERJQNMZNIC9NPN,Nguyen Inc,South Lindaburgh
MERJQU1FZUXAI3W,"Walker, Parker and Beck",Walshfort
MERJR4JPQTJOO4W,Castro PLC,Traciview
MERJR9XG77D2F7R,"Welch, Robertson and Mathis",Herreramouth
MERJRF5PNM4A57L,"Deleon, Jones and Garcia",New Gloriaberg
MERJRFIV1OE3I3N,Walker-Hawkins,Josephmouth
MERJSYF2EESZZ4T,Davis-Kelly,Timothyville
MERJT4HKYQEBVD0,Lawson-Arias,Walkerborough
MERJTDJ93AZ5DII,Cook-Davis,New Frederick
MERJTI4QQ0F5G8B,Jones-Cooley,Pamelatown
MERJTTKZN9OSU64,"Collins, Nguyen and Clark",Amandaville
MERJTWL3WYFQ2J3,Gilbert-Hernandez,Brownfurt
MERJTXITDYEFFUK,Silva PLC,Port Stevenborough
MERJU8EN7834Q3G,Knight-Roman,Richardsontown
MERJUIN24B6B6GB,"Huff, Delgado and Garza",Toddburgh
MERJUM851FO2HXY,Delacruz Inc,Orozcomouth
MERJUSP256YA6LY,Reed Inc,Goodmanville
MERJUUM5UETC5DV,Christian-Sims,Kimberlymouth
MERJUXWM4WPUVDG,"Miller, Dean and Tucker",Aaronfort
MERJUZORBEC5CVW,"Whitaker, Townsend and Barnes",Youngshire
MERJV809LSCY20I,Parsons-Powell,New Denisemouth
MERJVKX8RA8AQFJ,"Montes, Moody and Clark",South Samantha
MERJWN7GAROSHFM,White-Cox,Clarkside
MERJWQPQBMX6WPY,"Peterson, Bowman and Juarez",Nancyside
MERJWT5BQ45P1HG,"Campbell, Johnson and Friedman",Christyfort
MERJWXB42F8EKCB,Sanders PLC,Evansmouth
MERJWZW1IMBBUXK,Allen-Nelson,Lindafurt
MERJXTRLHEH7ITZ,Smith-Davis,New Darrenberg
MERJXTURCJX4R2D,"Blair, Carter and King",Shawnberg
MERJXXEB2XO7ZYQ,Barrera LLC,New James
MERJYQHK1X27YTO,Anderson Ltd,Lake Joseph
MERJZBGGWVKT0YI,Willis Group,New Christophershire
MERJZHDCLK0NS2M,"Hayes, Cortez and Gonzalez",Coxshire
MERJZHW0UNJ8LQD,"Hooper, Hunter and Hill",Port Peterchester
MERJZJLTCU1Z3UP,Brown-Hicks,Brookston
MERJZQNX3U5DHJR,Rose-Mejia,South David
MERK00QIFZ5G4UU,Griffith-Rojas,Kimburgh
MERK03CLESWOSSL,Church-Howard,Port Steven
MERK0I7TDT8KRIE,Wolf Inc,Danielchester
MERK0OKZYYSCIOE,Thomas-Smith,Port Kevinfort
MERK0UDRDLM5CED,Anderson-Flores,North Ryan
MERK19DIAFNHKFR,"Edwards, Wyatt and Baldwin",Port Davidberg
MERK1DSOYT3FUDZ,Hall-Montgomery,West Joann
MERK1FX6AQTI251,Giles-Sims,Padillaview
MERK1IMJVJA36KM,Kirk PLC,Williamston
MERK23NESX8BX5K,Arellano PLC,West Rachaelview
MERK2EUX21KMYSL,"Hayes, Sutton and Ball",Robertsmouth
MERK2NPBCBZR3WX,"Graves, Kelly and Martinez",Sanchezview
MERK39TIQQ4QQNZ,"King, Lynn and Dixon",Johnstonton
MERK3BXSIR4KSN7,Abbott-Nelson,Carmenside
MERK3G6RGJ5F5IM,"Wilson, Clark and Bonilla",North Carlaview
MERK435LDZE52QN,Miller and Sons,Lake Nicholas
MERK4KHID9BZC64,Howard PLC,Garrettport
MERK4LYBOM23P9U,Hernandez PLC,West Alison
MERK4R93FRS66TE,Brady-Medina,Michaelchester
MERK4Y120JEJZ5D,King-Smith,Mckenziechester
MERK5GRFK4OJQNX,Cardenas-Kelley,Port Russellview
MERK5MYCPS30C63,Bishop-Arnold,Lowemouth
MERK6ASRAUV8G18,Spencer-Brown,West Madison
MERK6C86KDHXKOQ,Gibson-Castro,Aaronmouth
MERK6EKV1PXPL51,"Zuniga, Stuart and Charles",Nguyenhaven
MERK6HC3HK6JCNV,"Turner, Anderson and Macdonald",Robinsonmouth
MERK6JGQEPHCRAE,"Johnson, Hogan and Wright",Chavezland
MERK6SDV3E0RHPY,Miller-Hodge,New Allen
MERK6UNZJ1BIV4A,"Burke, Mclean and Foster",Christopherside
MERK6XD3JHL9121,Middleton Inc,Justinland
MERK76G68MVXJT5,Nelson-Ortiz,Lake Joseshire
MERK7ARLYR1X5WD,Foley LLC,Patriciafort
MERK7CAYAH36V5E,"Walker, Wilson and Morrison",East Ethan
MERK7EM2V2O7F5M,"Baker, Rose and Thomas",Scottmouth
MERK7FS48RLHSWY,Smith-Fox,Mariochester
MERK7MOHVZVNNZ7,Rodriguez PLC,Lake Alicia
MERK8GCTY4VSIDS,"Cordova, West and Jimenez",Michaelland
MERK8NTF064P9R7,Spencer-Duran,Wendyshire
MERK8S4KK7X4TLO,Bryant and Sons,Tylerview
MERK8WPRI1R92TG,Miller LLC,East Ryanville
MERK9A6PVQIZ4WS,Hood-Adams,Port Jesus
MERKA0H7QZABS2Y,Martin Ltd,Brandifurt
MERKAANGI2IXAOM,Miller-Jensen,Lake Christopher
MERKANL61YWMWN8,"Hamilton, Wright and Perez",Port Michael
MERKANLJ3E00550,Craig LLC,New Matthewfurt
MERKAXNU1H3XMTL,Hunt LLC,East Erin
MERKB23EVIMJ5J4,"Wilkins, Torres and Meyer",Shawnbury
MERKB6X79CA972X,Harvey Inc,Lake Charlesberg
MERKBG8WR2QEVGM,"Parker, Yates and Davies",Lonnieville
MERKBKORP4EUW6G,Davis and Sons,Mirandatown
MERKCB0G4WUWBUX,"Wong, Norton and Haynes",East Debbie
MERKCD7M2NF0H6J,Cooper-Burton,Lake Michelleville
MERKCI048RWWNND,Wilson PLC,East Jamesborough
MERKCQOIFYCVSL8,Riggs-Myers,Marissaville
MERKCU1QLJTL8BU,"Walker, Gomez and Snyder",Christianberg
MERKD2S3CTO00HG,Sanchez-Holden,Pagefort
MERKE26KB3CZMWG,Mclean-Smith,South Brenda
MERKECAL6UCIR9A,Parrish Ltd,Padillaside
MERKEH5VSWKFPV8,"Burgess, Fitzgerald and Gibbs",Thompsonton
MERKEMLZN67Z2P9,"Vargas, Valenzuela and Sanchez",Sharpberg
MERKENOCLDN0YPY,"Johnson, Wells and Delgado",Port Rachelchester
MERKF1VDQAP2NOA,Martinez PLC,Pricefort
MERKFIW3W6TVHZG,"Navarro, Austin and Ramos",Cuevasside
MERKG25D2RAISCL,Harris Ltd,New Cynthia
MERKGLSJ76F4ZQE,Rice Ltd,Davidville
MERKGOYTPVYD3UF,"Jordan, White and Cardenas",Brianamouth
MERKGTDVXKA3LYJ,"Clark, Campbell and Carpenter",West Maria
MERKH2Q2M3A3384,"Zavala, Zuniga and Salazar",Amberton
MERKHB44E58PW4S,Young-Jones,South Lisafurt
MERKHUHVD77B8L2,Hansen-Martin,New Deborahchester
MERKI1YR1I1LWEJ,Mitchell-Raymond,Donnaside
MERKIRGCH4HTJUF,"Espinoza, Jones and Alvarez",Lake Gregory
MERKIVMQ3S0CF5G,Williams-Morgan,North Jessicaview
MERKK6SPJ1Y20MT,Smith Inc,New Manuel
MERKK8QQVJD1FTC,"Hernandez, Whitehead and Espinoza",Snydertown
MERKKONA83P672Z,Peterson-Jenkins,Port Laura
MERKL2NPTK7GFJN,Davies-Williams,West Shawn
MERKLCAR2JXG4JQ,Perry-Murray,Lake Jasonland
MERKLUASIDYUYPP,"Lambert, Francis and Scott",Kennethburgh
MERKM34UPS1Y9S5,Price PLC,East David
MERKM5M3D6PJRUX,Howard Group,Debbiemouth
MERKM95XQN7KS2D,"Wilson, Cole and Beck",Tylertown
MERKNGAKCCMWLJR,"Adams, Haynes and Johnson",Delacruzbury
MERKNIA05VM6YSX,"Whitaker, Jackson and Green",Garciaside
MERKNX8DGK649SK,"Miller, Porter and Lopez",Johnburgh
MERKO1EDHLHZ42R,Silva Group,Simmonsfort
MERKO7FHGBFW1LH,Mason LLC,Lake Danielle
MERKOF50PGHVVAG,Chang Ltd,Jamesbury
MERKOY04HK6NZVX,Cabrera-Joseph,Grayport
MERKP1TH5LJQY4O,Smith Ltd,North Nancy
MERKPRIETWMY6K1,Taylor and Sons,Port Kristishire
MERKPVK2842JPUF,Parker-Johnson,Hunterstad
MERKQKXPA9ASQAC,Garcia-Moran,Jenniferfort
MERKQSGU03I7ESX,Vasquez LLC,Christineview
MERKR1LHMA545J6,Abbott Inc,Carlsonshire
MERKRGGINQFHVR4,Tanner LLC,Bennettstad
MERKS64QT1SK53L,Moore-Hernandez,North Glenn
MERKSINO8AOHH91,"Carter, Chapman and Trujillo",Samanthaland
MERKSJ6QKBPXGS8,Drake-Callahan,Cookville
MERKSSS55MVTNKP,Leonard-Jones,New Kevinfurt
MERKTCWKCWBPXMF,"Gilbert, Clark and Morrow",East John
MERKTLMWGRN641B,Bailey-Lane,Johnstad
MERKTLRQ6SWC9EN,Hayes-Lee,New Jeffrey
MERKTR5LL7IYTTN,White-Cruz,Hallport
MERKU0KIAWRZP8T,Fletcher PLC,West Katelynborough
MERKU59GR180C38,"Ramirez, Brown and Kim",West Gary
MERKUQ3XDLJ48HT,Ramirez and Sons,Port Charlesborough
MERKUX0WHNMA8IS,Hill and Sons,South Guyview
MERKVTKO7XJJZPS,Haynes-Farley,East Jamesport
MERKW2HCEJ1Q3LM,"Decker, Yu and Atkins",Lake Lorettafort
MERKWP5C98HSOD1,Petersen-Guerrero,West Hollytown
MERKXDKOPYVL61Q,Perry Ltd,Schultzhaven
MERKXF4HAAZNEV4,Campbell PLC,Alvarezchester
MERKXLIV8NNUQGP,Martinez-Carpenter,Grantberg
MERKXNKTRGS0FBC,Klein PLC,Port Lisaville
MERKY33YGX99WSU,Wilson-Fischer,Hartmanside
MERKYDG87BYHPA4,Brooks Group,Martinezton
MERKYI5XOGSXB5X,"Brown, Jones and Chen",Lake Jamesshire
MERKYKIF6RJ58OY,Bradley and Sons,Denisehaven
MERKYVP8NZ8XI93,Mendoza-Dillon,Lake Janice
MERKZ53LTGF36YI,Campbell Inc,Jordanhaven
MERL0ER0TXCM6C2,Martin-Wilson,Kimberlyport
MERL0MOI27SR660,Smith Inc,East Emily
MERL2P8KE08ICZJ,"James, Jones and Harrison",Dustinburgh
MERL3D441G1UXEC,"Barker, Morris and Arellano",Michaelafurt
MERL3FYHM6JFTHT,Shields-Stewart,Wintersport
MERL3IFDL9CU8E6,Cole Group,Randallton
MERL3R1WP1O4F6H,Wilcox PLC,Craigbury
MERL47RLGOTT62Y,Barrett-Romero,Beanberg
MERL4CC9Z6X018A,Wilson-York,Lake John
MERL4F6ZWCPKZYK,"Sims, Short and Garza",West Vanessa
MERL4FPIODMLRDC,Williams Group,Port Christina
MERL4ZG4LK0QNWC,Mason and Sons,Port Laura
MERL525JL5PESJU,"Webb, Jones and Lopez",Nathanielchester
MERL5TYMTPLH6V1,Page-Blake,Port Jason
MERL5ZQOICZ4FUN,Stevens-Spence,Brandichester
MERL61L5WET35LQ,Perez-Lewis,Ryanville
MERL631FJEVB24J,Smith Ltd,East Joseph
MERL63XOQ62LW3C,"Willis, Willis and Morales",West Elizabethland
MERL6DDBVBLUM1U,"Mcgee, Mcdaniel and Wells",New Janetshire
MERL6DNK7G27HPM,Williams-Compton,East Joseph
MERL7AXMDK7067D,Riley-Gaines,East Josephfort
MERL7IICJ0ANNLD,Watkins Group,Brewerstad
MERL83CFFYR7JEN,Castillo and Sons,Williamsstad
MERL8BNAORHSRVU,Wilson-Young,South Angelaport
MERL9OSB7Y3OJ10,"Dudley, Houston and Green",Cameronbury
MERL9S5L7MK5Z1L,"Watson, Moss and Sullivan",Scottbury
MERL9SD33TDXZVH,"Daniels, Anderson and Lynch",East Lorraine
MERLA0CJ442Z09X,Alvarado-Reed,Lake Robertmouth
MERLA30QB39AK5E,"Hall, Pena and Long",Lake Jasonhaven
MERLA8SGDNM0407,"Hodges, Baker and Myers",Port Justin
MERLAJF1IZK7VX8,Pham and Sons,Jessicastad
MERLAO0Y36CD8BY,"Copeland, Arias and Stewart",Ernesthaven
MERLAZ6DQ04BYFZ,Young-Franklin,Schmittton
MERLBYPKR1ET3FC,Fox LLC,South Brandyton
MERLC2R3FCAC5HY,Johnson-Tucker,Katrinaberg
MERLCHPNVB662MI,Owen-Watts,Griffinville
MERLCO99MVQ73SQ,Bryant-Foster,Clarkberg
MERLCW57HXSCDTG,Fuentes-Hoover,Peterland
MERLD3YW0BTYSGX,"Foster, Stanley and Haney",North Matthew
MERLD9D2WWWRHCC,Obrien PLC,Elizabethbury
MERLDO5Y5NX3OT9,Farrell PLC,Kimborough
MERLDOK5EGX4FRI,"Mcconnell, Ray and Martinez",Murphytown
MERLE29SPIWRTEP,Fernandez-Smith,Frederickberg
MERLE3HOC0FR4KZ,Foster-Andrews,Ashleyton
MERLE8QSQWMF0BE,Hardy Inc,New Samuelside
MERLE9D5B5QYP6X,Powell-Taylor,North Justin
MERLEFMJHBQ70B7,"Odonnell, Pacheco and Oneill",East Pamelamouth
MERLENOAXPH8KMV,Allison-Payne,Newtonville
MERLEP2URCPWB5X,Howard-Jacobson,Powellmouth
MERLETQ2L8OUIC2,"Kelly, Shaffer and Schneider",Alichester
MERLEZ6E7DMPCXO,Chavez-Sanford,Doyleville
MERLF18YQN35ILZ,Nash-Wyatt,South Jasonview
MERLFVGARNWLP41,"Powell, Ward and Buckley",Nixonview
MERLFYKFT8K4TSG,Williams LLC,Ericberg
MERLFZNM4RAP2RW,Kane-Lawrence,Mccormickside
MERLG725WUA58WQ,"Steele, Montes and Gutierrez",Monroemouth
MERLG8D62I01F1Z,Garcia-Green,Petersenland
MERLGAUJLG48VL3,"Ellis, Ryan and Gonzalez",Port Benjamin
MERLGDV8NBEEIFL,"Jordan, Leach and Turner",Courtneyview
MERLGK41HVCZQX4,Garcia LLC,Harmonchester
MERLGR7V8LFZN1H,Branch Inc,Teresafort
MERLGRX1IA8MLM1,Harvey and Sons,North Latasha
MERLHO7ZITUB351,Schroeder PLC,Jenniferburgh
MERLI2MXWWYODOQ,"Morrow, Parker and Holt",Jimenezfurt
MERLI43QNBEL8JW,Black-Lyons,East Robertbury
MERLI92TEV1HCAY,Cook LLC,Barkerborough
MERLIHRKQ9KWI78,"Hall, Moses and Carpenter",Chanberg
MERLIVV38SKEK2F,"Mann, Gray and Taylor",New Vincentbury
MERLJ2FSQIDUINN,Allen LLC,New Kathleen
MERLJFKUO4XO3G0,Jimenez LLC,Ashleychester
MERLJM3VT2B3HQZ,Reed LLC,New Christina
MERLKA6I2RY8AFI,Greene PLC,Harrisonburgh
MERLKCVGF8Q75GX,"Sweeney, Christian and Gibson",New Christopherbury
MERLKT4LHAASN3I,"Pierce, Webb and Smith",Lake Eric
MERLL0B6YI32QWN,Gallagher Ltd,West Joseph
MERLL0QF48S77IX,Griffin-Collins,Hinesstad
MERLLC9ONHL4AHN,Smith-Green,Lauriehaven
MERLLK96MVMAWVD,Diaz-Brown,North Markstad
MERLLZSEGNBK47F,"Ross, Mason and Edwards",New Sheilabury
MERLMKZ3J1WLTCK,Gates PLC,Jacksontown
MERLML4UPYIQN53,Vazquez-Hill,South Brianhaven
MERLMM20JG4SCAQ,Martinez-Robles,Wilkinsontown
MERLMNQ9MRI1I4E,Wilson Group,Keyton
MERLMQATB09AM0C,"Webb, Singh and Hudson",Williamchester
MERLMY652Q8JN63,Franklin PLC,Garciaville
MERLMY9L77SCB6B,Clark-Smith,West Alan
MERLN5E4O86NSVE,Meadows PLC,Lancemouth
MERLNIUBH5SST4A,Ellis LLC,Tammyview
MERLNT5ME2HD5ZL,Yates-Thompson,Mitchellborough
MERLNZSK7TGDTF4,Williams-Smith,West Jamesfort
MERLO39C4YV8RZW,Walker-Lee,Lake Juanside
MERLO4LAHUQ1NRN,"Moore, Williams and Mcguire",Katrinachester
MERLO4PUALPLMPP,Green and Sons,South Cassandraside
MERLOJK4ACD0AL2,Wright Ltd,Fordland
MERLOTRDYVUVBO9,Harrison-Perez,Michaeltown
MERLQ4YFFDO5XLB,Hernandez-Greene,New Bryanfurt
MERLQD3YNDNSEDL,Thomas Group,Davisville
MERLQRHDBF0QZHK,"Miller, Williams and Rosales",Rodriguezstad
MERLQXRPZ8BWTRW,"Chambers, Ho and Greene",South Emily
MERLR04YL11UMNQ,"Mcmahon, Turner and Wilson",South Colleen
MERLR0KVL75OQUK,"Prince, Fleming and Ward",Swansonville
MERLR48B2JFES4D,Gomez-Schmidt,Jamesmouth
MERLRGBK3DCGN38,"Sherman, Maldonado and Norton",Campbellfort
MERLS47V8HEIB67,"Collins, Romero and Gomez",New James
MERLSJNO83UL1XO,Brown-Mcmahon,Codyton
MERLSXJQN28F6CT,"Fernandez, Leonard and Taylor",Scottshire
MERLT37XQ920SMC,Stanley Group,Harrisborough
MERLT9XJZJR4W55,Lawson Inc,New Matthewview
MERLTN851FWTGWT,Vang Ltd,South Donaldchester
MERLTR4D4VCT034,Woods-Michael,East Jasonport
MERLTSI4OZWTNGI,"Reynolds, Vaughn and Brewer",West Lance
MERLU3U5EKTWWJ4,"Ryan, Alexander and Johnson",West Ericamouth
MERLU9HIRZ1X7OG,Dixon-Ellis,West Meaganport
MERLUBAKWOXSKO8,Evans and Sons,Brittanyland
MERLUBBKZVN5Z1R,Mccullough PLC,Fordside
MERLUHDG3SG5YQJ,Newton-Parsons,Port David
MERLVA74GEO6BXU,Moore LLC,Jackborough
MERLVFD2WHPR6H7,"Taylor, Jones and Cochran",South Ritaview
MERLVI9GVSTX7HB,Woods PLC,Carrieshire
MERLVID3G3KHCTP,Peters and Sons,Wangland
MERLVWH6YRK6ILU,Bryant Inc,Port Nancyside
MERLVXPU1GJXGXI,"Coleman, Hernandez and Phillips",Herringfurt
MERLW5SBUY18TFK,Ritter Group,Macdonaldfort
MERLWQMYN42Z9QX,Martinez and Sons,New Rebecca
MERLWQNBBA48ZYX,Gentry PLC,Marshallbury
MERLX1EXJ0GSUGT,Acosta and Sons,New Christopherchester
MERLX8WWHUKQEXC,"Estes, Jones and Moran",Arroyoville
MERLXBVIKDV6EHF,Pacheco Inc,Chasemouth
MERLY2F6XQZ8WGM,Ortega LLC,New Bradley
MERLYMWJMBC06KC,"Freeman, Castro and Hartman",Briannatown
MERLYN5FVBS7PW3,Palmer Inc,Leonardberg
MERLZ4B2TG0K0UY,Tate LLC,Port James
MERLZ5YW11MIQTI,Gutierrez and Sons,South Nicholas
MERLZEZ06DZO3WV,"Bond, Martin and Nichols",Justinhaven
MERLZKSBQYTJ8ZE,Glass PLC,North Seanview
MERLZU6H0NHXYGM,Day LLC,Lake Claudia
MERLZWY2BP1H95D,"Allen, Cobb and Richardson",South Brandonfort
MERM0158WUI1XO1,Hubbard-Savage,Port Dustinborough
MERM0U8WWA3CXD1,"Noble, Banks and Jackson",Lake Zacharyview
MERM19SLPSS2SJC,"Jackson, Rodriguez and Romero",Dannybury
MERM1CMIE719X51,"Knapp, Morales and Delgado",Lake Mark
MERM1FRVSCBLBWT,"Graham, Alvarez and Nelson",North Bryanview
MERM1GL57CZWVNL,Sloan-Pope,South Collin
MERM1KDG9YMZVH8,James-Blackburn,Andradehaven
MERM1LR3I3JIVTK,"Taylor, Gregory and Patterson",South Elaine
MERM274JFGJAVD3,Davis and Sons,East Eileenbury
MERM2GTJOO8Y6HT,"Davis, Henry and Craig",New Linda
MERM2PMDZR2RH6I,Morris-Avila,West Jodi
MERM2Q7X16JWVPO,Perez-Johnson,North Jose
MERM4CV31S3N713,Rodriguez-Perez,Simshaven
MERM4M6VS26HIZH,"Hall, Young and Baldwin",Valeriestad
MERM4N6684SQIB5,Weaver-Strickland,New Gina
MERM4RFGJ9XIZIF,Gilbert-Drake,Cooperhaven
MERM4SOJTP9EANA,Brown-Chapman,Johnsonborough
MERM4ZH90OB2VTD,Hernandez PLC,Sarahmouth
MERM54WWIE7LXEM,Owens-Holland,Lewischester
MERM5FB9G8Y355U,"Fox, Moore and Garcia",West Michaelview
MERM5TTAYLIN2HL,"Gill, Mcgee and Miller",Suzanneborough
MERM602KTN0032E,Rogers and Sons,East Kellyburgh
MERM69CDWOZS6M0,Thompson Inc,Port Veronicamouth
MERM6SJ2OE0DVNT,"Morales, Bauer and Aguilar",North Robertbury
MERM7AA64EJX0DH,"Bright, Bender and Baker",Abigailville
MERM7D0NSH06W4J,"Pope, Navarro and Fox",Deckerborough
MERM7HXP3X562AJ,Gibson-Walters,Kleintown
MERM7L5YC0IBB67,Green-Johnson,Port Scottfort
MERM7T989BV1ZCF,"Alexander, Lynch and Burns",Lake Lydia
MERM7U5QG5JA11N,"Harding, Mann and Brown",Jacksonfurt
MERM7W6JBD843X9,"Nelson, Trujillo and Jensen",East Amanda
MERM7YSPCM0N6UK,Allen Inc,West Alexander
MERM90NIUR8W9TC,"Barry, Robinson and Pollard",South Patricia
MERM97HA7RBC3X0,Price-Colon,New Craig
MERM9WQAIFSJC92,Allen-Miles,North Angelafurt
MERMAD5UDUWAGGB,Simon Group,East Kirk
MERMAG9GYUO4YIT,"Dalton, Cohen and Martin",East Bianca
MERMAIEAYGU94PW,"Monroe, Williams and Molina",New Sarahton
MERMAUWHCFXMMX5,Herrera-Sanchez,Grahamfurt
MERMBTWB0ZCBDKV,Bautista and Sons,Carlsonfort
MERMBWP5TZPKO5J,Burns and Sons,Alexanderchester
MERMC704GB07PA4,Calderon-Navarro,Watkinshaven
MERMCQ3IXOQHHJP,"Mooney, Salinas and Morales",Mitchellmouth
MERMCX97JDMN7ZS,Hawkins Inc,Moniqueport
MERMD38A56EI6HQ,"Long, Steele and Kelly",Melissafort
MERMD5PMNQFTQC9,Long Inc,New Steven
MERMD9H77556H51,"Matthews, Anderson and Baker",West Kelly
MERMDI66L8YYL18,Potter PLC,Lake Dennistown
MERMDKBG29WZJSB,Ramirez-Carrillo,Lake Danielstad
MERMDOX2QC3UI23,Mccarthy and Sons,West Janet
MERMDY7EFIA2I28,Graham-Brock,New Thomaston
MERMESV3XP7HDTX,Graham-Hernandez,Lake Alexandria
MERMEXHRHT8PVRA,Morrison LLC,West Harryview
MERMFFF1AWJDTSD,Guerra Ltd,Ramirezview
MERMFFVHO6AFWKK,White Ltd,East Molly
MERMFGRUVD89672,Thomas Group,Gatesmouth
MERMGNX48PBSXEQ,Liu Ltd,Lake Kennethchester
MERMGRUYDO60MVQ,Diaz Group,Wesleyburgh
MERMGU0N1CGWAGJ,Watkins-Walker,Andersonland
MERMGVE16WV4FN8,Shields-Butler,Markmouth
MERMH0PSIJOTLZC,Lopez-Brown,Lake Douglastown
MERMH6J0J5KMME3,Berg and Sons,Washingtonmouth
MERMHDSNDNK4MHK,Martin PLC,Kellychester
MERMHQFJS3UZMGO,Shaw PLC,Lake Ianmouth
MERMHTAAG27ESIH,Sanders Inc,South Markchester
MERMIOMX0289F7G,Mays-Dean,Port Teresafurt
MERMIRTVJ6M1BJ3,"Hays, Pearson and Obrien",New Faithmouth
MERMJ10RO4VFBGG,"Alexander, Hartman and Smith",Christineburgh
MERMJ75R70PT9XF,Wright and Sons,Jamiebury
MERMJA5FTQ0LET6,Marsh-Dean,Albertside
MERMJMZQDIPLS7W,Becker-Carlson,Hensonland
MERMJZ9OH2AOXR5,"Jones, Grant and Mcneil",Gabrielstad
MERMK0RIQ8M5XUE,"Garcia, Noble and Moses",East Paulburgh
MERMK5PIDO4PBOO,Oconnor LLC,Geraldport
MERMKI7R9C01UTG,Johnson-Blake,Teresaland
MERMKQERJBERQD8,"Gonzalez, Ritter and Warner",Griffinview
MERMKTFWUBIC74L,"Hall, Snow and Barnes",Stevenville
MERMKXNIGXWO7PW,"Lam, King and Shah",Daniellemouth
MERML3M238ZVEN8,Price and Sons,West Anne
MERMLB82M7BFWQN,"Torres, Peterson and Sanchez",Paulashire
MERMLI0BV124942,Davis-Russell,Wilsonport
MERMLN12WV72Q8U,"Daniel, Hart and Evans",New Darrell
MERMLVZ1AP8EB3B,Lynch PLC,West Daniel
MERMLZN4D5MS1GM,Silva Inc,Leachburgh
MERMM5IL6MYB1UA,Hill Ltd,Lake Johaven
MERMMBZIZQOOPTV,Pearson-Jenkins,New Sallyfurt
MERMMLYB6OSK8NL,Torres PLC,West Courtney
MERMMOSK6RTZ4PR,"Kramer, Cook and Howard",Williamsside
MERMMXMDX9GQ64Y,Cortez-Dunlap,New Kristin
MERMN2OL6KCGVZM,"Meyers, Allison and Guzman",Floresborough
MERMNBT2EXHIIDV,Hamilton-Brown,Amyton
MERMNEFBT3VQSO4,Herring and Sons,Smithfort
MERMNETRGFYKHHC,Hubbard Ltd,Hurstport
MERMNNYP80XOJAA,Martinez-Brooks,Allisonland
MERMNOVEO7V2FBL,Barron Ltd,Reynoldsfurt
MERMNTE529LM60C,Hardy PLC,South Matthewshire
MERMOBDU1RVPLNE,Key-Ibarra,Christopherland
MERMOQAQ7ZP54A5,"Benton, Kirby and Webb",East Tracyfurt
MERMOU0GX4LZPMX,"Foster, Ramos and Merritt",Lauraborough
MERMOZ5ZSRSG1P1,Park Group,Jorgebury
MERMQE1LV8CI791,Olsen-Hansen,Port Lucas
MERMQFHY31WGC27,Nelson-Frederick,Jessicaport
MERMQG7Z3NKXY67,Sanchez-Martinez,Kimberlyhaven
MERMQR6HY0B6V6D,Wilson-Stewart,Thompsonshire
MERMQW1ZWO0YDEM,Zhang-Cox,Lynnhaven
MERMQZFO102QA7C,Mitchell-Reese,Hannahfurt
MERMRBHBZB7JOEI,Walker Inc,Lake Nancyview
MERMRV6JE7HBR5U,Evans-Parker,Salazarland
MERMS5EEJKZZC1H,"Moore, Brown and Jordan",North Kimberly
MERMS671FUQLMVV,Martinez-Fox,Lake Julietown
MERMS6H7F5AXYZ3,"Nguyen, Lewis and Wallace",Annport
MERMSEDCY4YUS5P,"Cox, Schmidt and Bailey",West Anthonyside
MERMSPM3RHSKCU0,Page-Perry,Lorimouth
MERMSYL5IJOWU44,Smith-Anderson,Ericaville
MERMT9EMAGPHQJ8,"Moore, Fernandez and Williams",New Jonathanfurt
MERMTLVQ0JYBRLN,Ochoa Ltd,New Melissaview
MERMTN2QCUWGOQD,Peterson and Sons,North Danielmouth
MERMU2F00ZACQTG,Mercer Group,North Samantha
MERMU4FFZDSY8EC,"Burton, Garcia and Peterson",Natashaport
MERMUJKP7SEC5I2,"Gaines, Hernandez and Swanson",Port Anthonyborough
MERMUL7JT7HG7MI,"Brown, Thomas and Sparks",Burkebury
MERMUVI0MY3GE9P,Johnson Group,West Mike
MERMV0ZWNPZEUV1,"Thompson, Haynes and Mccoy",Alvinhaven
MERMV9C4GYYAHER,Miller PLC,Amyton
MERMVKBPJ6HD6PG,Velez-Brooks,Mcculloughhaven
MERMW1G7VTI8JOZ,Ferguson Inc,Michaelmouth
MERMW3KUFBVM66V,Flores-Casey,Haneyhaven
MERMWNXU97JWJSO,"Webster, Hicks and Christian",New Samanthaton
MERMWRRU686NN7J,Wade-Castro,Powellview
MERMX4GHN5FPIA1,Webb-Taylor,Jimburgh
MERMXIOVF3A13CY,Morales-Campos,South Tracyville
MERMXOKZ5V527SS,Smith Inc,Jacobsonside
MERMXT5W7GOULA6,Johnson Ltd,New Kevinshire
MERMY7WV7BPCNH6,Griffith-Turner,North Kelsey
MERMYEL51GSL3UC,Garrett PLC,Lake Karenberg
MERMYJ6B2T69K5U,Paul Ltd,Campbellburgh
MERMYLP4ZB0RWWT,"Walker, Cook and Parker",West Heatherton
MERMYNXDLR03T04,Gordon-Henry,Douglasville
MERMZOEPTG8ULLD,"Yu, Ramirez and Ward",Port Terrancefort
MERN057R9RN0EVT,Wilson PLC,New Matthewville
MERN0LKGEOMBUEI,Hayes LLC,Villaland
MERN0PQ4U1C8LON,Camacho-Brewer,Lake Elizabeth
MERN19V55LBZ533,Castro-Davidson,Moniqueland
MERN1A9FB8Q14H8,"Doyle, Cameron and Hopkins",Lake Davidview
MERN1HI2S9TS7AS,Gonzalez Group,East Kellyview
MERN1IL10FIXWY7,"Fuller, Montgomery and Reed",Port Kylieland
MERN256EQ2UYLID,"Williams, Bowman and Torres",Bryanbury
MERN2M7X401C34Y,"Rogers, White and Cooper",Darrenville
MERN2SO8KQQ6YKS,Peterson-Olson,Josephhaven
MERN2T1PGUCE795,Rodriguez-Hamilton,North Brianna
MERN2ZEQ4IROYN4,Nguyen Ltd,East Danielle
MERN34J24LUC5A0,Levine-Coleman,Wesleyton
MERN3AOIYMRVYHO,Dawson PLC,East Miranda
MERN3CVWI9CRQ7I,Liu-Garcia,Karenmouth
MERN4NHUT0EA8RT,"Sexton, Gentry and Garcia",Port Josetown
MERN4VU7HPDUM3D,Day-James,Stevenberg
MERN52PEGZWDJ6R,Walker and Sons,Robertsbury
MERN53BRX5ZCWMI,"Morrow, Atkinson and Mason",Garciafurt
MERN58R4FRXND1P,Sanders-Wiggins,Staceyton
MERN5DFUFW147PV,Hall-Berry,Lake Michelle
MERN5GF35LT6ZR5,Cruz-Brown,Lake Amanda
MERN5NHR3PR2P0U,Long-Campbell,Port Michaelland
MERN5WJRS1LSN8I,Barnett-Stewart,Myersside
MERN6W9FB2AYC3B,"Romero, Davis and Camacho",New Johnland
MERN7B6MSXKNSN6,"Alexander, Smith and Clayton",New Reginald
MERN7C6RESIO4BC,Taylor-Barnett,Torreston
MERN7R8YMQZL6BU,Delacruz-Morris,Brucebury
MERN7WP404U678H,Holland Group,Thomasberg
MERN7Z2NR7VK3E6,Mitchell-Huynh,Port Michael
MERN8B8H7GWT0HJ,Miller PLC,Jenniferside
MERN8FJSY5UWNAK,"Curry, Campbell and Robinson",Paulton
MERN8I0I1YITQT6,"Jordan, Lee and Wilkins",New Anna
MERN8WI2N4ICP6A,Humphrey LLC,Watsonport
MERN9EH5SAFQOZA,"Lucas, Berger and Gray",New Kyle
MERNA2XHN6LZDBM,Lewis-Richmond,Port Scottburgh
MERNAR9P5RAH8G5,"Sanders, Sullivan and Horn",Wilsonmouth
MERNASUX69QY6XQ,"Harper, Fox and Jones",Kaylaside
MERNAWTGVNR7IDC,Terry-Davis,West Sylvia
MERNB974MZ1HFPX,Boyd LLC,Isabellafurt
MERNBV7J6KZC9BC,"Taylor, Morton and Payne",South Jerryshire
MERNCKNK48ZWRMY,"Burgess, Johnson and Armstrong",Port Brianville
MERNCN2QOU85W18,"Kirby, Price and Kaufman",Lake Davidton
MERNCNRHRQKOTV6,Wagner Ltd,Staceyshire
MERNCPR0M7GVWKH,"Williams, Gomez and Mitchell",East Rodney
MERNCTEU7LYPILP,"Romero, Stevens and Johnson",Christophermouth
MERNCWM69YEKG26,"Garcia, Richmond and Smith",West Crystal
MERNCX1RDCDQC2B,Lloyd Inc,Lopezville
MERND2ZQRX2UYFR,Lee-Sanford,Lake Annborough
MERND6CK8U1RH4W,Myers-Berry,Lake Kenneth
MERNDAQLH2TQKM4,Sandoval-Brown,New Edwinmouth
MERNDEUDAWM29W8,Tucker Ltd,New Timothyhaven
MERNDKLBXMTDHSD,Clarke-Mcdowell,East Destinymouth
MERNDPKPLW3EZF5,"Meyer, Garcia and Barr",Woodshaven
MERNDWIH4BY2NAA,Spencer-Clark,New Steven
MERNDY0YVBSQGOY,Mullins-Wright,South Jodi
MERNE102XHRHCYA,Mcpherson Ltd,Jessicabury
MERNECT3U4OGEYL,Cooper and Sons,North Paulside
MERNEJ7SGPSDF9P,"Lopez, Glover and Brown",Johnsonville
MERNF4C9QLY8UXE,Reed and Sons,New Rebecca
MERNG2IJG04TKBV,Harris-Morrow,Saundersburgh
MERNG6CKFY12DMV,Lee Ltd,East Tonyaton
MERNGNQTF1GPOWB,Dawson Ltd,New Adamtown
MERNGQL7Q3CODZI,Acosta Group,North Timothyborough
MERNH9329DX0S8W,"Burns, Bass and Mcclain",Bentonstad
MERNHIV8KZU0WKB,Mills-Clark,Porterland
MERNHL5L21QY49T,Turner-Mcfarland,Elizabethtown
MERNIKGIG5NHJPM,Santana Group,South Amandafort
MERNILL6H9BXTWK,Roberts Ltd,Rachelport
MERNIWQ6T14PXHC,Johnston PLC,New Beth
MERNJQKQP4CME7N,Garcia and Sons,North Connie
MERNJUTUGAHDSGY,Thornton-Golden,Lake Lindseyburgh
MERNK0YAAXW4WB3,Fischer Inc,New Victoria
MERNK4YPV1B2UIV,Case-Rodriguez,Tammymouth
MERNK84A1IL9YQ5,"Collier, Stevens and Sherman",Port Madisonfurt
MERNKSNSFLK8SUK,Bowen LLC,East Clinton
MERNL6ZCGO8GN1R,Harris Inc,Monicafort
MERNLCQU4T9HERN,Wilson-Campbell,Yvonnefurt
MERNLD5N9TLM139,"Gill, Contreras and Turner",North Paigeport
MERNLSAFSSX6PB0,Myers-Adams,East Amy
MERNM2UO3KNSOAL,Gomez-Snyder,Lawrencestad
MERNMHPCUIRIREW,Huber Ltd,East Sarah
MERNMM9DNJ78KKY,"Mccormick, Jones and Harper",North Brittanyside
MERNMMUYUNLCW30,Wilson Group,West Deannatown
MERNMQCUL669XWW,Richardson Ltd,Jenniferport
MERNMQMQQGSJ29I,Wiley-Ballard,Port Lori
MERNMRJQ0DXLB6Q,Stewart-Kelly,South Kristinaburgh
MERNMSJMTSLCISN,Mason Ltd,East Meredithburgh
MERNMYRGZLPW5P2,Thompson Group,Aguilarshire
MERNN0O8U5RK2FH,Harris-Roberts,Brittanyville
MERNNFDVFQ25T20,"Smith, Martinez and Williams",Simonshire
MERNNFTHQB79JLW,Miller PLC,Kingview
MERNNMZTCIE8HLO,Smith-Williams,East Tyronehaven
MERNNNQHGVP3L77,"Fowler, Hall and Watson",Garretthaven
MERNO70SJIA18B6,"Harris, Woods and Harris",Melaniemouth
MERNOD8BUIBNZ19,"Wright, Schultz and Marsh",Barrettberg
MERNOD9C82IQJUW,Hurley Group,East Audrey
MERNOLS7MR75X1P,Perez and Sons,West Shawn
MERNOUKDAZT5V1E,Brown-Thompson,Castilloland
MERNOXWLRH742I4,Flores and Sons,North Nicoleshire
MERNPCNXJLMH3EY,"Young, Johnson and Watts",Port Jenniferview
MERNPE2GL455D4F,Cook Inc,South Peggy
MERNQ6JE6YJK61B,Weber-Williams,West Monicaberg
MERNQEH1N8HZZNZ,"Ortega, Johnson and Gonzalez",West Cheryl
MERNQQ5MFVZJE9Y,Walker-Burnett,Port Michael
MERNQSQA5UHL5ZE,Proctor Ltd,Janeside
MERNQW0ESAL9V5Y,Compton LLC,New Ashley
MERNRHBEPXG7G3N,Chang Inc,North Dana
MERNRJL5MPBQFL2,Brown-Brown,Owensport
MERNRNPSKIKY54O,"Lopez, Arnold and Norris",Port Angelaville
MERNS1BHAINCPYA,"Hickman, Guerrero and Jimenez",Josephbury
MERNS3MGWL12RSN,"Jacobson, Black and Stuart",Jonathanhaven
MERNS6Y2PGLLOA7,Houston-Greer,Steelemouth
MERNS74JCQNPPQ2,Bryan-Taylor,Mccannburgh
MERNSU4QXQZG7D0,Davila-Norris,East Julie
MERNSW2WV5TN48V,Sosa PLC,Port Jessica
MERNT91QWCRTSYP,Peterson LLC,Christyborough
MERNTCTBXH9VFTJ,"Carlson, Chavez and Ayala",Sylviamouth
MERNTF3AGI4WZR5,"Ramirez, Quinn and Garcia",East Ashleybury
MERNTR5EEK7YPLD,Riley PLC,South Mariaville
MERNTTJ1OHLWGVX,Walker PLC,Jamesshire
MERNU42ORHMRA1U,"Brown, Austin and Hill",Port Jason
MERNUA8D8A84UO2,Conner-Hernandez,Salazarburgh
MERNUH5WSN2M6NY,Harris Inc,Greenburgh
MERNVDZSRKI0A6E,Johnson Inc,New Carlos
MERNVJ6OB84NYQH,Decker-Miller,West Katelynmouth
MERNVTNXYADMCG2,Evans Group,Lake Bethany
MERNVXQWOSMBBKE,"Morris, James and Dunlap",Juanmouth
MERNW333QLXMZS4,"Parker, Goodman and Mills",Jamesstad
MERNW9319JC517V,"York, Cameron and Noble",Davidborough
MERNWAUG0QLZI3C,"Garrett, Burke and Li",Danielfort
MERNWBCAV1HDJKA,Valentine-Smith,Ronaldfort
MERNWR7B72597YI,Miller Inc,Williamsfurt
MERNX29LOQTA194,Barton LLC,Sarahfurt
MERNXJA4IX7T6V0,"Jacobson, Carr and Brown",Chadmouth
MERNXWA9CLVCWN9,"Montoya, Davis and Friedman",Lake Erinburgh
MERNXZYZO2PD5MX,Figueroa-Montoya,Kellieland
MERNY69MLBPY13Y,"Rodriguez, Short and Russell",South Katherinestad
MERNYEM88X2SU3S,Harvey-Daniels,Maldonadoport
MERNYI8YDHJM8B9,Mcgrath-Grimes,Johntown
MERNYQH5MO506DW,Franklin and Sons,Kellyton
MERNYQU0RP4KRE7,"Bonilla, Cox and Brown",Dominiquehaven
MERNZFX5WB497ZQ,Weber Group,Karenfurt
MERNZGCOCYUPA4I,Fleming-Adams,Stevenbury
MERO0Q0RIHQFFCI,Johnson Inc,Lake Alexander
MERO0QLF87ICMVJ,Williams Ltd,Victoriamouth
MERO0T4DC8QPP3S,Clark-Howard,Kristenmouth
MERO0ZE63TT6GVM,"Kelly, Vasquez and Washington",South Kelly
MERO19JA1M57NKQ,"Campbell, Flores and Goodwin",North Robertfurt
MERO1OXHM86LNK2,Williams-Huynh,Evanshaven
MERO20JVG4UUH9D,"Smith, Day and Strickland",Austinberg
MERO230ALVXR14Y,Cruz-Warren,Wesleyfurt
MERO3PUE8HX5WS2,Brady-Hudson,Elizabethburgh
MERO3XZ3VCVI2QO,"Cole, Brandt and Gillespie",Donaldmouth
MERO40VKI3FOSQ7,Diaz Group,New Todd
MERO46F2LG700Z0,Jackson Group,Port Douglasside
MERO473PUXX9Q8E,Osborne Ltd,Christopherhaven
MERO483A26U5AOW,"Hoover, Boyd and Dudley",Pattersonberg
MERO4PPL8MSBA0U,Rios Inc,Samuelton
MERO4WBG352E96M,Lee Inc,Port Katiefort
MERO5CYBE471Z2W,Scott Inc,Reynoldsbury
MERO5CYN8804JVD,Clark-Duarte,South Annfurt
MERO5QGIXAO52GW,"Larsen, Peterson and Thomas",Tracyshire
MERO5X369RND158,"Matthews, Stewart and Garza",Bennettstad
MERO6AAN8RWQQU2,Phillips Group,Jenniferton
MERO6KNE694UXJR,Buchanan-Hutchinson,Kennethtown
MERO6LGVDF63RIB,"Downs, Allen and Page",Bennettfort
MERO6RCWV0LNN8Q,"Perez, Davis and Moore",Port Carrieburgh
MERO6VELE55HEF6,"Francis, Parker and Smith",Conleyfort
MERO6WGWABDWF4V,Roberts Group,Edwardside
MERO6YQZ3XXCCGP,Nelson-Austin,New William
MERO7BRXIZ68BFL,Huynh Group,New Davidfort
MERO7HSF9EA521E,"Alexander, Allen and Chen",New Nancy
MERO7Q4NKKW7KQH,"Clayton, Daugherty and Hernandez",Lake Ryanhaven
MERO7U5BTINH2AZ,"Hawkins, White and Martinez",New Heatherton
MERO85T7VWHJHBU,"Smith, Parker and Elliott",Lorichester
MERO88QJCY5SN2R,"Peterson, Carlson and Miller",Port Ashley
MERO8DASTZPLOAX,"Adams, Jones and Hogan",Graychester
MERO91S65FG2XIB,"Brown, Lawrence and Rice",New Stevenview
MERO98EP2VE41AI,Maldonado Ltd,Lake Gregory
MERO9FT8R8B0DS5,Smith Group,North Thomasland
MERO9JI3DCDKWUI,Hutchinson-Bartlett,Nancybury
MERO9NL7PI9SVGH,"Johnson, Davis and Harris",Jamesmouth
MERO9RR3YEPM23F,Bailey-Freeman,Lake Philip
MERO9ZNAVT5A237,"Brown, Barber and Moore",Port Edward
MEROAHDFG8F09LX,"Martin, Brown and Kaiser",Lake David
MEROAOILIF4OHU6,Bryant-Wang,East Stephanieborough
MEROAPHH6NP8HDO,Williams Ltd,South Christina
MEROARJ8LVLYNKM,Nelson Ltd,Bradleyview
MEROB5NZMXG4R9U,Kent-Jacobs,Walterborough
MEROB7O3X8736G7,"Anderson, Rivas and Martinez",East Angelafurt
MEROBWLWUFU06RV,"Martinez, Moore and Mitchell",New Victor
MEROC0RISD1M1HL,Wilson-Stephens,New Howardton
MEROCI2BLUFASP4,Sanchez-Long,Powellhaven
MEROCKQN1ZA1CDV,"West, Crawford and Rodgers",East Heatherchester
MERODP4APESEJRQ,White-Pope,Simonchester
MERODSG88AWABVI,Ramirez Inc,Arnoldland
MERODUSS62I4C5Y,Rodriguez Inc,Lopezchester
MERODXUMUBOAJ9G,Weber and Sons,Lisamouth
MERODYUEXRFN6C4,Terry-Nunez,New Joseph
MEROEBXG8Z6230M,"Scott, Vazquez and Black",Reneeport
MEROEUXSSNXPSQ4,"Powers, Spencer and Long",Georgeberg
MEROF4KSD27NEZR,"Ford, Weber and Zuniga",New Rebeccafurt
MEROFVCEHNKMGSC,"Mills, Collier and Johnson",Brownstad
MEROG025HQ0O8RC,"Murphy, Perez and Lawson",Jorgeborough
MEROG15XQBGKNK6,"Evans, Morris and White",South Lisatown
MEROG4EMIIQFARH,Martinez-Wolf,East Jessicaborough
MEROG67RQOEQQJ2,Jenkins PLC,South Paulberg
MEROGBNWI7TF97A,"Cooper, Sims and Orozco",North Keithburgh
MEROGMAN8HKR6M0,Mason-Combs,Kiaraview
MEROGN71P8D1W15,"Kerr, Jackson and Rojas",North Amanda
MEROGO5WPWTK04A,Bruce-Wells,Karafurt
MEROGXU9IGD47OC,Church-Shields,Cookton
MEROH130GB62BXA,Montgomery-Reilly,Travisbury
MEROHP2RVGM5628,Atkins Ltd,South Tammychester
MEROHUDME6N8JZN,Parsons-Graham,Chaseville
MEROIE1WYLMX9YQ,Daniels and Sons,Moorestad
MEROIYZ0I7NAU6J,"Taylor, Cole and Mitchell",Lake Amandaborough
MEROJ3YEFJ5HU0O,"Rivera, Allison and Barron",East Annabury
MEROJ65VQVHBHV2,Brown-Novak,East Dawnberg
MEROJMMAJDE23PG,Chan Inc,Fryehaven
MEROJOH1X0RW1QW,"Martin, Campbell and Rios",Martinezville
MEROJZ60JVCP3E5,"Ramos, Burke and Barron",Jacksonside
MEROKDJTKBB8JG5,Robinson and Sons,Odonnellberg
MEROKJK2OF9EMS4,Myers-Petersen,North Derek
MEROKLOEDHVB3L1,Cross and Sons,West Joseph
MEROKOT3E3TRQIG,Montoya-Todd,Webbhaven
MEROM72LYKKJWI9,"Delgado, Johnson and Fisher",East Jenna
MEROMKOWAZGRYD0,Green Ltd,East Natalie
MEROMOMSC906M6G,"Turner, Vasquez and Williams",West Aaronmouth
MEROMS5SMNPGUCH,Allen-Stevens,West Alejandro
MEROMY23HUB1OK1,Perkins Group,Ramirezchester
MERON8JF20ZSJML,Johnson LLC,North Thomashaven
MERON9RR0NSJFRM,Adkins and Sons,New Nicholasberg
MERONM22LCXQ80O,Green-Morris,South Thomas
MERONYCRFVVVSJ8,Torres Group,Gonzalesstad
MEROO1UJEGFV4SL,Lowe-Andersen,Tracyview
MEROOBZGH67H6XV,"Mcknight, Bishop and Hamilton",East Daniel
MEROOW18DOFYFOH,"Miller, Wyatt and Dunn",New Taylor
MEROOYA0HZ26EA2,Mejia-Powers,Hillville
MEROP4J6UTYO1F7,Powers-Oconnor,Port Alanstad
MEROPIE8KPT0212,"White, Silva and Ruiz",West Michelle
MEROPVVMA9XF8S6,Evans Ltd,West Amandamouth
MEROPXVDCK7WTR4,Rojas and Sons,Port Alexis
MEROPXZ6K1PT5QF,"Vasquez, Bennett and Taylor",North Frances
MEROQ6RE58Z077H,Vasquez PLC,Hendersonport
MEROQLLC9OSILQA,"Cruz, Fletcher and Moore",Alexandratown
MEROR06SEH21148,Ramirez LLC,Johnsonborough
MEROR3VGRLUIQUO,"Gutierrez, Farmer and Yates",Monroechester
MEROR52681YZI4D,Guerra LLC,Johnsland
MERORLRGBBJYRA8,"Williams, Baker and Adkins",Lake Deanna
MERORPRCE5101RP,Hayes and Sons,Maciashaven
MERORS1P6S3JYRV,"Wilkinson, Zimmerman and Lozano",West Michaelfort
MERORVM336ZL112,Aguirre Ltd,Port Stacy
MEROS2JIBCHNOBH,Stuart-Walsh,Sheilaside
MEROSAJMQMUWKAJ,Harris Ltd,Lake Mary
MEROSCTHUOERSQE,Smith-Baker,Aaronland
MEROSDJ49KG7483,Reyes-Parks,Zimmermanshire
MEROSHAEXCU0A8S,"Velasquez, Wilson and Kim",East Ryan
MEROSKFXV5EVQGY,Smith-Haas,Vegashire
MEROSW5LC570CUV,"Winters, Bailey and Jackson",North Karen
MEROSXX4HSW09DK,"Martinez, Long and Alvarez",Bakerbury
MEROT51JKEBIMRT,Robinson Group,Brianville
MEROTCZH1RRZNHN,Hopkins-Pacheco,Savageborough
MEROTJ376GVOSRU,Smith Group,Michaelside
MEROTL9NS9U1L3I,Dougherty Inc,Jonesberg
MEROU3AID8OHMMF,Davis PLC,Lake Jose
MEROV190J52GKI3,Nunez and Sons,Nelsonchester
MEROVA6VH3IBT1I,Martinez Inc,West Wayne
MEROVUGWICKEYPM,"Johns, Owens and Frost",South Jillside
MEROVYEQ6TS3ZDL,Cruz LLC,Crystalchester
MEROWC5EJFL35HL,Collins-Powell,North Rose
MEROWQOOSKZOMRU,Floyd Inc,West Michael
MEROWQQ7JERRFGS,"Reid, Kane and Myers",Smithtown
MEROWSQZHY80O7L,"Buchanan, Simon and Copeland",Aimeeville
MEROWU7PME8KIR4,Goodwin-Chase,New Rebekahtown
MEROX4JTR2GZDDX,"Foley, Rogers and Nguyen",Margaretton
MEROXDY7BOWIEIO,Long-Gonzalez,Shawhaven
MEROXF8T0EX028Z,Robinson-Bowen,Robertbury
MEROXFGBKU40ZNA,"Whitaker, Wilson and Hoffman",West Traci
MEROXIBMJD50LRV,"Walker, Rodgers and Hood",Nathanland
MEROXNVH8EU0R98,Day Inc,Crossview
MEROY72YNWUCGBT,Jones-Clark,Port Rodney
MEROY9T6RK2ZH7J,"Weber, Rogers and Bartlett",North Brianport
MEROYP4DNI8YZ3Z,Wade Inc,Lake Amanda
MEROYYBH3C9INJZ,Rodriguez-Weaver,Hicksbury
MEROZ53TGMYJ64I,Wilcox Ltd,South Richardside
MEROZLYBTBCFPPL,Rodriguez-Mays,Romantown
MEROZTBBTNDNUHF,Roberts-Rush,North Danielstad
MEROZV60YNKINEK,"May, Simmons and Garner",Collinsland
MERP0GH73TVGHRZ,Martinez and Sons,Christopherstad
MERP0HW7FLYG004,Archer-Mendoza,East Stephanieton
MERP0SLL62G4G82,Mendoza-Velazquez,North Josephshire
MERP1QAE6Z4B7OL,"Hicks, Reynolds and Vaughn",Adamfort
MERP2453F48OXWJ,Roberts-Lewis,North Michael
MERP27T1OI97VNW,"Hernandez, Torres and Webster",Loweville
MERP29RAAQFNXVN,Weeks Group,Christopherview
MERP2GUXQ05D7BI,Lewis PLC,Lake Stephen
MERP3BDJ3U47LJY,Martinez-Hill,Sanchezville
MERP461B8UR4U0Z,Rogers Inc,East Alexander
MERP48KBI92B065,"Mccall, Collins and Thomas",Andrewfort
MERP4H6UEY2PTNN,"Martinez, Hatfield and Dalton",West Kristin
MERP4YC70MY17XI,Hanson-Wilson,North Josemouth
MERP5FEXEEU6PCV,"Zavala, Riley and Stevenson",North Alexandra
MERP5I1HQN7RX6U,"Roman, Gonzales and Rose",South Katherineshire
MERP5S4SBD3CWDE,Williams LLC,East Morganhaven
MERP61RBK9IH14B,"Goodman, Collins and Larsen",Thomasburgh
MERP64YWTSKNC3P,Nunez-Davis,East Laura
MERP6JK487CBB8D,"Wilson, Bowman and Green",Wisestad
MERP6K7ZBQRCPHV,"Garrison, Jones and Decker",Thompsonbury
MERP6VTUB4X7V9I,Lopez-Taylor,Carolineside
MERP70K3WPG0KDI,Mcintyre LLC,Ashleybury
MERP74NXMADYDNW,Williams-Bentley,Colemanberg
MERP79IN500DON0,"Williams, Keller and Lopez",Rachelmouth
MERP7ABGU9IXKQI,"Allen, Harrington and Gray",North Jeremiah
MERP7J7G4E8X05I,Chapman and Sons,Rickyburgh
MERP7K7D68HNSJA,"Lee, Vincent and Fields",Ericaberg
MERP7MDKJCUP82A,"Tyler, Jenkins and Williams",New Thomas
MERP7ZOQ532FK2X,Mcfarland Ltd,Robertbury
MERP804577Q3LQ1,"Butler, Stevens and Ramirez",Lake Waltershire
MERP85K2V8OH3Y8,"Myers, Simon and Harris",North Anthony
MERP8B2YDK7DJS9,Tyler and Sons,Smithport
MERP8EPZ4P6Z084,"Jones, Allen and Howell",West Mariamouth
MERP8T578YQGU2H,Floyd-Aguilar,North Kimberlyland
MERP8XDOVFEVVSL,Carrillo LLC,New Jamesburgh
MERP96UPMAG0CGX,"Allen, Long and Young",Port Jamesport
MERP9CHIL3M787D,"Harris, Wright and Haynes",Youngtown
MERP9NYPR4TTNWE,Valentine PLC,North Georgefort
MERP9WV17XDONEV,Huang-Kelly,East Allenside
MERP9YJS05OVJRR,Chavez-Walls,Haneystad
MERP9Z1WQSWVNMZ,Scott-Rodriguez,North Caitlinport
MERPAJXQV284BPP,"Riley, Campos and Miller",South Timothy
MERPAQH7PYLCU2R,"Moreno, Leon and Stephens",East Linda
MERPB1D7G867JKH,Carter Inc,Masonside
MERPB4N4IQ2L88Y,Hernandez-Baker,West Deanna
MERPBAEOR7PZHLD,Oconnor-Meyer,West Thomas
MERPBCDSSV30XH0,"Mitchell, Lewis and Stone",Caseyview
MERPBEIC7AKOQNS,Baker and Sons,Mistymouth
MERPCK5W38Z8H8G,Miller-Harmon,Port Benjamin
MERPCZVXRUVS1EJ,Lopez Ltd,Whiteshire
MERPDD6KCKMJGIZ,"Stewart, Bailey and Ferguson",Gilmoretown
MERPDLS9ZC6KBE1,"Ramos, Thornton and Gross",Turnermouth
MERPE1ZLWYVCCXQ,Morgan LLC,Angelafurt
MERPE91PO4SGLK6,"Kelly, Gordon and Williams",Hernandezmouth
MERPEC62CUI425Q,Garcia-Ward,Lake Saraview
MERPEK2YCAX8DCD,Gonzalez-Smith,Nguyenland
MERPEQ1BAIYQTFB,"Sandoval, Davis and Fisher",Port Kellyside
MERPF201EWXZX5C,Wood Group,West Jenny
MERPF2XKOX6FMS7,"Frazier, Sullivan and Jones",Matthewville
MERPFFC1KXD0VKV,"Miller, Nelson and Blair",Williamville
MERPFX51CVQ8TPV,Alvarado Group,Smithmouth
MERPG5CXY9O4G4J,Garner-Scott,South Tina
MERPG6HBP4HEXN6,Johnson LLC,West Martinstad
MERPGAFYBAJ0EVX,Luna Group,Jenniferside
MERPGCEHD3RI6U6,Thomas-Campbell,South Mistyview
MERPGISVA0SUYUS,"Clark, Jefferson and Johnson",South Jennifer
MERPGJKMFOKGGAU,Ford LLC,Johnsland
MERPHE7FS65H1D8,Li PLC,South Michaelbury
MERPHG1KKBADMGF,Sanchez PLC,Jacquelinebury
MERPHYCZBX45SIZ,"Mckinney, English and Moon",New Todd
MERPI0WVJOCAZP9,Hanson Group,New Andrewfort
MERPI5BVVNXNITW,Alexander Inc,Longside
MERPIVBWGT2495C,Cooper-Williams,East Eric
MERPJZHL7K84DRP,"Peterson, Kim and Young",Jessicaville
MERPKBNC12ZK0Y8,Austin Group,Susantown
MERPKIJ5NA34FC3,Thomas-Williams,Jensentown
MERPKP3CW1KFK3J,Goodman-Watson,Hooperborough
MERPKUAYTU970G5,Taylor LLC,North Benjaminbury
MERPKZXPHRRT5QZ,Garrett and Sons,Scottchester
MERPLC9WTOYU03C,King-Patel,East Joshua
MERPLRKDQMBGWNH,"Thompson, Hudson and Rodriguez",New Steveside
MERPLS3RD37N0JV,Shepherd LLC,Jennastad
MERPLU5AC5X1AXB,Boyd Group,East Matthewhaven
MERPLXXTXVEKZ1O,"Cunningham, Peterson and Hardy",Christopherland
MERPMOBHAA1D6A9,Bautista-Watkins,North Billystad
MERPNAHQDW6509A,Murphy-Williams,West Jeffreyberg
MERPNEPA00NT7L0,Sanchez-Brown,Shaneside
MERPNG988ZT6HQ9,"Wright, Santiago and Willis",West Cherylfort
MERPNIHYRBF2T8I,Meyer LLC,Weberburgh
MERPO6NKVA87DJN,Mccullough-Vasquez,Port Evan
MERPOAUSIOG4T0J,"Knight, Mcbride and Lopez",Stonefurt
MERPOPX5EQBH4VO,Walker-Norton,Johnsonmouth
MERPOQXSCBLF2O9,"Hogan, Nguyen and Morales",Edwardside
MERPP050EB8B7IZ,Curtis and Sons,New Debbieburgh
MERPP7B5V2MJ3UF,"Cole, Stokes and Walker",West Jessica
MERPP9TT1T9OP0L,Cross Inc,North Robertfurt
MERPP9ZX0NADHJD,Mcgee PLC,North Shaneberg
MERPPITRSO1ON6U,"Montgomery, Romero and Martin",Jessicastad
MERPQBODF3MAYF7,Baker Group,West Janice
MERPQCSWKYK9726,Johnson and Sons,North Davidside
MERPQNQ9IHRK3XE,Gray-White,Christopherborough
MERPR3HNH3KD1WQ,Robles Ltd,East Heathertown
MERPR5Q1IBK5M9W,Bailey-Walsh,Thomasland
MERPR873IJGNL7S,Glover Ltd,Danielchester
MERPRE10T4XEKLB,Davis and Sons,Lake Alfred
MERPRF7VPZD2WFR,Dixon Group,Victortown
MERPRO25NSNXYFV,Johnson-Rogers,Lopeztown
MERPRXGZELCUNI8,Salinas PLC,Port Williammouth
MERPS4C1XIVB003,Brooks-Mccullough,Simpsonbury
MERPSEXYH2RX4EV,Jones-White,Ortegatown
MERPSF9PVVZ8GQY,Lopez-Phelps,Huffmanchester
MERPSG0OPYVDL6E,"Mooney, Thompson and Tucker",Stevenfort
MERPSZJHZKPUGUV,Young-Dean,Mackenziestad
MERPT2IHMF5MJ00,Dominguez LLC,Vincenthaven
MERPT39VPBOEK9Y,"Coleman, Baker and Robinson",East Holly
MERPT93F2AK58P4,Glass-Snyder,Port Stacy
MERPTCTL0ZPVGB7,Reed Inc,New Daniel
MERPTK4HEOFUFTI,Mccullough-Howell,Stephaniefort
MERPU34OHDEICJL,"Ho, Juarez and Rodriguez",East Lawrencebury
MERPU3IH3TQHFYV,Christensen-Robbins,Taylorstad
MERPULW52HUROSL,Price-Norman,Leahton
MERPVDNQDA1UXNF,"Leonard, Gray and Khan",Jacobbury
MERPVHC3RT5HM84,Conley-Mendez,North Kathryn
MERPVJQM8QZ4JXL,"Perry, Mccullough and Miller",West Michael
MERPVUMMT74TQK6,Underwood-Hodge,Watersmouth
MERPW8Y2L8I2R5I,Soto-Case,Clarkfurt
MERPWOAVNEN24L4,Avery and Sons,South Greggport
MERPXHH6LLZFZ8A,Lee-Chapman,Ronaldburgh
MERPXRG18113HZ3,Espinoza Ltd,Bakerhaven
MERPY0NIJXBFAD5,"Stevenson, Atkins and Ray",Port Shannon
MERPYAA4NUM4AXO,"Owens, Lane and Moore",Julieland
MERPYEA1UQFV8NI,Watson-Williams,South Kevin
MERPYMN4EQNW26B,Gonzalez-Williams,Thompsonville
MERPZ8L85QMNCK0,Wood PLC,New Shawn
MERPZEBT37N96DP,Sanchez Inc,East Ashleytown
MERPZG22M311OTD,"Williams, Castillo and Pennington",Christopherchester
MERPZKMV5BK246H,Joyce-Romero,Hillbury
MERPZLU3UNCJ2B9,Matthews-Salinas,Calvinchester
MERPZUZ284LSCMS,Mcdonald-Lee,Gonzalezville
MERPZVDWD8YQ5A2,Ballard LLC,East Jimstad
MERQ02U95P142P3,Young-Hawkins,North Christinamouth
MERQ0871CEH865M,Lowe Ltd,Brandishire
MERQ0KW11V5JXSS,Wells-Gregory,East Nicholas
MERQ0LEEIGLSZE8,"Herring, David and Cooper",West Jonathan
MERQ0QYOEDGE38O,Maldonado LLC,Lake Robertstad
MERQ1V821RH8XRR,Boyd-Jones,New Michellefurt
MERQ1VXCDWU2346,"Rich, Arellano and Powell",New Hannahbury
MERQ26F1DCWCYNT,Vega PLC,North Nathanielside
MERQ2FEM9TK4BQV,Buchanan and Sons,New Alicia
MERQ3ZHT9NDR9ZS,Khan-Chase,West Tracy
MERQ443CKVWLF1X,Graves-Duncan,East Lisa
MERQ4MUEFPG56C4,"Rangel, Murphy and Perez",Patrickhaven
MERQ4O7CVYWHO1Y,"Myers, Johnson and Campos",Thomastown
MERQ54F6CY8TUHZ,White and Sons,Evanshaven
MERQ5GFGATB8BJ4,Dunn-Fields,North Debra
MERQ5IKQH3B0EF3,Mills-Bates,Halltown
MERQ5SAKGHX986O,Lang PLC,Melissafort
MERQ5UQE3TOO6TK,"Johnson, Williams and Kelley",East Todd
MERQ5XNGL243U9Y,Edwards Ltd,South Keith
MERQ5XPXYSLJ1CD,Williams-Marshall,West Alexis
MERQ65MJYNC2VY1,Bailey LLC,Lake Sarah
MERQ67N5VPATVTF,James-Key,North Jerry
MERQ6EX9JBA9W1Z,Baker-Hughes,Ronaldhaven
MERQ71RZTLGR2ID,"Spencer, Chavez and Dillon",South Jose
MERQ71TOWFQCSS9,Madden-Matthews,Wernerborough
MERQ7EBQUSM8LT2,Romero-Watkins,Brittanychester
MERQ7L19LBSK5CT,Perry-Hansen,East Sara
MERQ7RUM4VEXWIZ,"Cooper, Anderson and Cooper",Bakerland
MERQ8B056BU16RE,Swanson Group,Steelefort
MERQ8TSE2CY2G4A,Mitchell Inc,Mitchellfort
MERQ90Q3L3ZAQ59,"Turner, Abbott and Smith",Stevensonberg
MERQ90ZJD0TZQZU,Dixon-Bowen,Pollardfurt
MERQA2HM1O1FF1V,"Hamilton, Thomas and Garcia",Lake Calebberg
MERQBK87GU0D69N,"Murray, Peters and Webb",New Alyssa
MERQBMUZRU90SOM,Cannon-Jackson,East Nicole
MERQC1PCY11CD04,"Kirby, Graham and Nelson",Manuelfort
MERQCAEO6FIQ7M9,"Long, Flores and Martinez",East Jackstad
MERQCKV73RIXMNL,Wood LLC,Jerrymouth
MERQCQXJHW9AQPT,Contreras-Ramirez,Thomaschester
MERQCY37QFRRBQS,Mason-James,Smithmouth
MERQCZ9SF2TT8JD,Morgan-Roberts,North Annette
MERQD2S8HXQL6TX,Stewart-Allen,Lake Jeffreyview
MERQD35KUG6AJC1,"Johnson, Martin and Nguyen",North Lisa
MERQDIF6SU3BMUM,Ferguson Group,Lake Ernestmouth
MERQEMTJ5KTAZUE,Graves Group,Vernonview
MERQFZIQBY1YT7P,"Hicks, Crawford and Sanchez",West Gregory
MERQG33MKADZJ4C,Fowler-White,West Emily
MERQG74GFLBN7QY,"Davis, Flores and Moore",Brianborough
MERQGCUGMQBDRW1,Salinas-Howell,South Larryhaven
MERQGXUF6SSKOXL,Daniel and Sons,Juliechester
MERQH89I8X1QVNA,"Fitzgerald, Taylor and Moran",West Billyburgh
MERQHDESEASVWOJ,Decker-Carson,Escobarmouth
MERQHLQ9CF3EUGL,"Sullivan, Schwartz and Hampton",South Brandonland
MERQI9K6KTOSHNZ,Olson-Peterson,Jenningsfurt
MERQIB6JMB8JUZ4,Weber-Vazquez,Ernestland
MERQJ5RY83KX1YA,"Knapp, Kim and Calderon",Amyshire
MERQJ7KYY86I4GW,Jones Group,Curtischester
MERQJ9SBEGCAAD4,Anderson-Whitney,Stevenview
MERQJLLVPQMBIGS,Gordon LLC,Cherylfurt
MERQKA9U3KNSKGJ,Jones-Franklin,Lake Royville
MERQKGQDIWLAQTF,Bird-Torres,North Jacob
MERQKL9K316PR0N,"Roberts, Jefferson and Elliott",North Julie
MERQKV8C1LSVQX7,Lee-Robinson,New John
MERQKVPA5GPTPA3,"Cook, Brown and Chen",Dixonfort
MERQL67V7H0KPKG,Ferguson PLC,Harrisside
MERQL8EMCO7MS22,Cox and Sons,Port Codyborough
MERQLK63LL3QGXL,Robertson-Haas,West Jasmine
MERQLXAEGDF2IK8,Peterson-Martin,Smithmouth
MERQMHK7Y8U8KQV,Johnston Group,Thompsonfurt
MERQMP5D2XR3XSD,"Thompson, Austin and Fisher",Port Kimberlymouth
MERQMVDCZVQ2814,Contreras-Singleton,Andrewberg
MERQNBZQJ64TWZ2,Thornton-Maynard,New Debra
MERQNUNW0S4PJLZ,Ward and Sons,Port Paul
MERQNWU7HEANXNH,"Haas, Stanley and Baker",Jeremyton
MERQO6T0559DSJE,Wood-Graves,Angelaville
MERQO8DQL1Q2VXX,Roberts-Morris,Georgeview
MERQO8OKNYIXIC7,"Gilmore, Douglas and Swanson",Cassidymouth
MERQPAHRKMGWVD6,Wilson-Wilson,Lake Michaelview
MERQPS4WLN92E6D,Hopkins-Valentine,East Robertton
MERQPWE2H3UHVO3,Martin Inc,South Sharonbury
MERQPXFQ678OE3X,Burke-Reid,Vanessaburgh
MERQPXJL45BOAWF,Harris LLC,Port Julia
MERQQ0R5S0J1XSU,Brown and Sons,Eatonborough
MERQQB6BVYS7XJH,Woodard and Sons,East Anita
MERQQBOEOGCX9WL,"Johnson, Turner and Mcclure",West Chloehaven
MERQQIOWP9O714M,Ryan Ltd,Deborahburgh
MERQRGHCEGY61N1,"Campbell, White and White",Lake Stevenville
MERQSH1W2ZFLBSF,Porter PLC,Matthewside
MERQT0BH1CSXXCH,Long-Anderson,Cuevasmouth
MERQT2GZSFD3YL8,"Williams, Keith and Aguilar",Scottshire
MERQT2T44SBFZXU,Sweeney and Sons,Jessechester
MERQTOQAVNZH8VO,"Martin, Davis and Lyons",Rachelfurt
MERQTR79JNUJYT0,Barrett Group,Rodriguezview
MERQTTLBLF2CG5U,Conway LLC,Daystad
MERQTZM1X8U1654,Mcmillan-Perez,New Derek
MERQU91RHYF32SL,Allen PLC,Berrystad
MERQUSAXRQ9ZC1B,Byrd LLC,West Stephanieland
MERQUV5R48GBJNS,Johnson PLC,Monicafurt
MERQUW5IESFX4O3,Keller PLC,Danielshaven
MERQV7FXIGVYMK6,"Richards, Black and Murphy",Darrenborough
MERQVHO5CVFQVSR,Small-Lopez,Amandamouth
MERQVJLLYTMS7UF,Parker-Lee,Marshtown
MERQVJO5AJDLWM5,Mcdowell-Rodriguez,Jasminville
MERQW2NMJ9TBRDH,"Stone, Larson and Lawrence",Chenbury
MERQWH0NAZIZ6M8,Shepard Group,Sandersfurt
MERQWH46J1NQOCM,Conley-Page,Stephanieberg
MERQWHGTYM7Q49X,"Dominguez, Gonzalez and Dillon",North Monicaborough
MERQX9ZA8WL99U5,Payne Ltd,Port Tim
MERQXBL5L6D1TRX,"Walker, Jimenez and Wright",New Gloria
MERQXL2EH5ZY7JI,Brown and Sons,Kelseyhaven
MERQXMBR3Z0YEGC,White PLC,Shannonmouth
MERQXRLBD33HPSC,Wong-Fernandez,Carlsonville
MERQYMAZCUU4IE5,"Sanchez, Martinez and Myers",New Ianstad
MERQYXCVN5WV9E9,Robertson-Hurst,Lake Greg
MERQZEO16CA39TO,"Baker, Villa and York",Port Patricia
MERQZN3MPVONF64,Lewis LLC,Jenniferchester
MERR0F7076OFUFX,Wilson PLC,Phillipbury
MERR0RPFHAMX7N2,Owen-Gibson,Lake Antonioshire
MERR0VV1VXSW7B6,Maynard Group,Danielchester
MERR11T04BQPU29,Gibson-Herring,North Melissabury
MERR1HK27KEZ7JY,Frye-Edwards,Pierceberg
MERR1OD53WIR1MB,Foster Inc,New Earlmouth
MERR1SLRVQLMX7H,"Sandoval, Ibarra and Yates",East Waynestad
MERR1X6OWURLJCK,Mayer-Wiley,West David
MERR23L57D39QZJ,Diaz Group,Flowerschester
MERR29ROPVDT2PU,Munoz-Anderson,Mooretown
MERR2P006FMLFZC,Gibbs LLC,East Christinafurt
MERR2S96GCAMRIP,"Bass, Lee and Owens",Robertochester
MERR2SV9RZBFIK8,Chen LLC,Kirkmouth
MERR30MA01XQGC3,"Wyatt, Wise and Watkins",Riceshire
MERR3BCQS2069X1,Reed and Sons,Melissamouth
MERR3DCO70IX40E,Torres-Robinson,Francisberg
MERR3QQZ0M4MQFX,"Reyes, Richardson and Smith",West Jonathonburgh
MERR3XK3QX2HVFP,Rocha-Butler,North Francisco
MERR445XD9MLS8V,Hunter-Anderson,Jennifershire
MERR4XONVEXI0IN,Meyers and Sons,Burnsview
MERR50SKL6UADLC,"Bowman, Bradley and Doyle",Jeanneside
MERR5I1AUH6UEDB,Wood-Chavez,West Sheila
MERR5KHO8U4X38W,Watson-Horne,Peckburgh
MERR61NTZU2D251,Weeks Group,Anthonyburgh
MERR62605ZBAEG3,Gray-Alexander,North Steven
MERR6C4YLSYBJ3Z,Solomon-Davenport,Jamesside
MERR6H7U0WPF76V,Cook Ltd,Lake Alexanderstad
MERR6OQWEROOZSV,Kennedy-Proctor,East Sheenaton
MERR6T61MIMG8AX,Wilcox PLC,Mirandaport
MERR7ZAIQONDO8R,Powers-Welch,Port Matthewberg
MERR8ORPFW0R0YE,Jones PLC,Annborough
MERR8SWJ64OL2HG,"Taylor, Richmond and Wallace",Port Elizabethbury
MERR8V3AHOY8X28,"Buchanan, Hall and Daniels",New Lauraberg
MERR9MJA42PJSKK,Powell and Sons,West Jeffrey
MERR9PGFZDJ5A62,"Hamilton, Maddox and Hamilton",Port Michelle
MERR9RZC6JQXW0V,Duarte Ltd,North Jeffreytown
MERR9TXA5VTV3TI,Jackson Ltd,Michellestad
MERRA6OSRZA75NS,"Jimenez, Dorsey and Huynh",Lake David
MERRA9ESZT754Y8,Murphy-Miller,Port Lisafurt
MERRAL3TIPXUBAH,Johnson Ltd,North Rachelland
MERRAS4K23UGE5L,"Santiago, Ho and Brown",Timothyberg
MERRBBDYABT6S7B,Johnson-Carter,Hernandezbury
MERRBI1IUV20YFF,Garrison and Sons,Murraymouth
MERRBUF6CL0YGJ4,Hansen-Cook,Ericstad
MERRC1XZ21GH95K,Smith-Johnson,Christophermouth
MERRCQWQM3NZNBT,Howard-Hartman,South Roychester
MERRCS3ERDADRP5,Roberts-Moreno,West Colleen
MERRCSWC5DGD9KK,Ryan PLC,Delgadoberg
MERRCVY50NI8NMX,Brown PLC,East Tonyside
MERRDXQX6N7C0Z5,Daugherty-Waller,New Charles
MERRDZ6U6AXH7ZC,Berry-Harvey,Lake Hector
MERRE1WUU1U0BS8,Castillo LLC,Velezbury
MERREC0HE0Y9XAF,"Bryant, Wong and Ward",New Kendraville
MERREZK58GDE8YW,"Reyes, Suarez and Johnson",Heatherbury
MERRF2ADALUBSQ2,"Savage, Hayes and Turner",Port Courtneyside
MERRF6OYIIZIT2L,"Warner, Price and Mckinney",Collinsland
MERRF8QVJI28HTX,"Smith, Stewart and Kerr",Lorettaland
MERRFTT50C73L6T,"Hill, Davis and Beard",Port Jeanbury
MERRFWMRKUTD7RK,Henry PLC,Meganfurt
MERRG1LEVN1VA75,Smith Inc,North Jackie
MERRG30F1RXWKQP,Anderson-Turner,South Andrewton
MERRG71CZBZGA77,Baker PLC,South Ronaldchester
MERRG799PGXLPAT,"Adams, Clay and Gallegos",West Patrick
MERRGG2A0A1LIN6,Cooper-Cabrera,West Chasemouth
MERRGGLA4UO87Y9,"Greene, Patterson and Acosta",Hamiltonfurt
MERRGH2XVI7ASB2,Ortiz-Rogers,East Luisport
MERRGMM6C9VBAO8,Fitzgerald-Osborne,Angelahaven
MERRGQGOBQW15KQ,"Ortiz, Crawford and Green",Harrisburgh
MERRH86DL1LCTOA,Pearson Inc,Tiffanymouth
MERRHJXK33F7A3Y,"Campbell, Mora and Burton",Davidtown
MERRHUHOVTDMZY7,Kennedy Inc,Kennethside
MERRHXYZJZSEO5J,"Greene, Hess and Brooks",Francisborough
MERRI1A10ZBMV62,"Acosta, Clark and Chan",Monicabury
MERRJ1BHWE005KG,"James, Hunt and Howard",Gibsonbury
MERRJEC8DVEFPFA,"Foster, Hurley and Sullivan",Port Soniamouth
MERRJLU1JJ0FOS9,"Davis, Edwards and Hayes",South David
MERRK518MDZGR3P,"Williams, Bailey and Mayer",New William
MERRKBI9L9Z5HPN,Ford-Smith,West Laurenport
MERRKHWBCKJYQCS,Perez-Hamilton,Jeffreyshire
MERRKKGZJRDIFBN,Cohen-Stone,Margaretfurt
MERRKLL8V9H4IAB,Benson Ltd,Garzaton
MERRKVMUUW5GJAC,"Petersen, Collins and Reilly",Evelynfort
MERRL3BAIS5LMYE,Lowe Ltd,West Cassandraside
MERRL528TS5RSKH,"Cunningham, Hill and Macias",Lake Veronicaview
MERRLFPVE3SE1S4,"Hicks, Lee and Thomas",South Danny
MERRLSHZY01OCTK,Contreras-Long,Tuckerstad
MERRLTDMXR0DJ7C,Graham Inc,Bonnieborough
MERRLYWP690BE1Y,Skinner LLC,North Victoriaton
MERRMC5WGRV7TS5,Huff Ltd,West Scottshire
MERRMFPTALGDMBR,"Buckley, Ramirez and Ortiz",Banksborough
MERRMICA8VGR5U1,Morgan-Wright,West Christopher
MERRMKAIU0V84MQ,Miller PLC,North Megan
MERRN3KQZS8KGMO,"Brown, Brown and Anderson",Mataville
MERRN441A9AFDBP,Lawrence-Wright,Bellshire
MERRNMD10WRUOBH,Reilly PLC,Lucasshire
MERRNR93LZ9WWDY,Young Inc,New Teresa
MERRO1QFSVAB5WY,Williams Inc,Port Megan
MERRO4URVJVI1YO,"Hanson, Knight and Gamble",Tiffanyberg
MERROONZX6EYNZS,"Buck, Chandler and Mcmahon",New Amanda
MERRPDHJ00YGFM5,Taylor-Clarke,South Tammy
MERRPHQ2P9143TL,"Olson, Bishop and Rivera",Thompsonside
MERRPQOQ1B6OZCO,"Foster, Simpson and Crane",Lake Ronald
MERRPYSC6W0JZM1,Singleton-Cobb,North Breannafurt
MERRQSZOW7IVNAR,Sosa-Kelly,Jacksonview
MERRQUZVO089163,Hernandez PLC,Maureenburgh
MERRQZ2906Y3305,Williams Inc,Bowenbury
MERRR04RMP130X5,"Vargas, Perry and Silva",Jeffreytown
MERRRC6D8BIBC14,"Roberts, Bennett and Stanley",Petersonville
MERRRC8300UPLEQ,Murphy-Farmer,East Rebeccamouth
MERRRI9UL4L3DQM,Scott PLC,Markburgh
MERRRNYK04NSOM3,Peterson Inc,Port Amychester
MERRRTDG7XEQBC7,Hunt LLC,Lake Kristi
MERRS4EXL65WNRE,Rivera Ltd,East Anthony
MERRSFXWTU3NI6V,Holden-Austin,Randallhaven
MERRT3FH8YSH2EK,Potter-Patterson,Port Amy
MERRT5WZ68VK2L9,Chen-Kramer,East Veronicaport
MERRT7Z2632XTYH,"Wiggins, Adams and Mccoy",Whitneyberg
MERRTEABAAU5VSB,"Montes, Wilcox and Chapman",Guzmanport
MERRTNH38CGRGA9,Guerra and Sons,Austinland
MERRTOL3ZPREIJX,Morris and Sons,Phillipland
MERRTVAXJJ3XQ8N,Richardson-Baird,Cynthiashire
MERRU4OYNE6GB4O,Powell Inc,Port John
MERRU87SIQFB40P,Cooper Inc,Toddberg
MERRUK1YIYDJH8O,Salas Ltd,Danielstad
MERRUN1V62UJGGB,Keller Ltd,Kimberlyborough
MERRV2V2JXEZXIT,Hart Group,Jeffreyborough
MERRVASN6VX7H6R,"Riley, Adams and Roach",Lake Ryan
MERRVBWLX6X5Y91,"Barrett, Williams and Jacobs",Andersonstad
MERRVCVVSCVYEEL,Smith-Payne,Port Johnton
MERRVOI4JY6GDY5,Alexander-Bailey,Taylorview
MERRVOSNXCBL6CJ,"Smith, Berry and Hogan",Ericaborough
MERRVRIHZEBPEZC,"Shaw, Murphy and Olson",Powellburgh
MERRW3LCXIOC0SJ,"Smith, Mccoy and Cabrera",Phamport
MERRW8922H8ERJQ,Holden-Moses,South Charlesport
MERRWBRNVOOD5MI,"Murphy, Berry and Patel",East Bryan
MERRWDFDUXDNJ7O,Griffin Ltd,Lake Nicholas
MERRWHANY23NYUZ,Young Inc,West Josephton
MERRWOHFDSDFAUZ,Lynch-Robbins,Port Christophershire
MERRX264L4XVPOY,Cannon LLC,Stricklandchester
MERRX6ZGRUQ9B83,"Cole, Webb and Dorsey",Brockburgh
MERRXGVBEELVW6M,Morrison Inc,Christophershire
MERRXMVA0G2SABK,Davis-Kennedy,Brianashire
MERRYDG73KY5SPD,Gutierrez-Mann,East Joshua
MERRYFP6IRCXCUF,Williams Ltd,Travisside
MERRYTXA2G5K7CI,"Brown, Cole and Carter",New Anthony
MERRYXJ8328GSM0,"Scott, Yates and Burton",West Michael
MERRZ2UACT2ROPX,Hensley and Sons,North Nicole
MERRZKVZDOBFPZP,"Mcdonald, Wiley and Mcgee",Pettyton
MERRZX8IDKUDX9B,Riley-Perez,South Kaitlinborough
MERS0AKJXS067IR,Gonzalez Inc,North Lynn
MERS0AU8W8YCFQ9,"Lopez, Ellis and Butler",East Jenniferburgh
MERS0AYGXBJWDHR,"Stevens, Wilson and Haynes",East Bryce
MERS0HAISDW9DU1,Foster-Brown,Richardhaven
MERS0RZJ4MIO5SM,Rhodes-Cordova,Keithfort
MERS0ZZ409DT8A0,Kelly Ltd,Port Hayley
MERS1YRIGNRJ0UI,Snyder-Riley,Brendaborough
MERS1ZQBFABG0CP,Cunningham LLC,South Latoyaberg
MERS2172FU1JNCR,Ellis and Sons,Deborahville
MERS2A3RMLNCK3C,"Dean, Wong and Fitzpatrick",West Alanmouth
MERS2JBXTQZWV3H,Garcia-Yu,West Sarah
MERS2XREL8YSYTA,"Clayton, Baker and Stafford",West Elizabeth
MERS34YVR0H8XJ9,"Kelly, Boyer and Wright",Wilsonbury
MERS3692Y8Z3232,Chambers PLC,New Steve
MERS3FODAMSQFJ0,"Galloway, Page and White",Port Christopherchester
MERS3OWNLDEY6FJ,Kelly-Jackson,Nicolefort
MERS3UYTLCC7OR2,George and Sons,Port Cheryl
MERS40HZ73AJHAM,Knight-Reed,North Amber
MERS4HAT9ESMBYX,Thornton-Wilson,Carlymouth
MERS4XZCL6TYOFR,"Arnold, Nguyen and Garcia",Lake Julieberg
MERS4YXBUHAN87Y,Snyder Group,Port Cherylborough
MERS60B0LQQRN01,"Moran, Schneider and Tapia",South Rickyberg
MERS65GZYS9L7A9,"Delgado, Smith and Cooper",East Kellyfort
MERS6DVA640JTIE,Scott-Norris,Port Robertborough
MERS6WMWB3ZUZNH,"Thomas, Salazar and Osborne",Hunterborough
MERS7HEX2DPG0PA,Bowers-Walls,North Katelynton
MERS7I1BSZRUG2Z,Martinez-Acosta,Youngland
MERS7UD93WC334H,"Randall, Smith and Hurst",East Jennifer
MERS7V8EGVZYIXI,"Casey, Hoffman and Stephenson",Buckberg
MERS84AZWNXF97T,"Lynch, Hicks and Turner",South Jeffrey
MERS85MPZJMUIMK,"Martin, Leon and Hill",Karenburgh
MERS932JIEQMIBS,"Jordan, Walker and Gordon",North Brittneymouth
MERS9561PJX7RS3,"Thompson, Nelson and Mccoy",Wardtown
MERS9OJ7ZSM3GNN,Rios-Ross,Jacksonton
MERS9OX6W3MWG7N,"Clark, Hicks and Delgado",East Kenneth
MERSA2TPRH9C3N4,Robertson-Hammond,Joelstad
MERSARGGSAKRAGH,Ramirez-Hale,Davidsonport
MERSAYO9VGYTY3A,"Ryan, Bennett and Valencia",Cookfort
MERSCHHET8OUPC5,"Mcintosh, Smith and Taylor",East Maryside
MERSDE69TBWIY57,Mitchell-Harrington,East Angela
MERSDIEJM9YIH3Z,Church LLC,Melissaland
MERSDXLSMFQBLZM,Garcia-Fisher,North Matthewland
MERSE0ZVQ0V0TD2,Miller-Brown,East Andrea
MERSE8KTK9FVDSE,Stuart Inc,East Sarahshire
MERSED7RM91L398,"Adams, Ball and Mcmillan",Alexiston
MERSFI1ARK3KE6L,Mccarty PLC,Stevenshire
MERSFKWFLMVAQA8,"Blake, Alvarez and Duran",Port Waltertown
MERSFQ7KD9ANK6F,Brandt-Mason,Lake Misty
MERSG0O8SQ9YXS8,"Lester, Price and Stone",Rodriguezfurt
MERSG1FO00JIZKR,Tucker LLC,Howeberg
MERSGJCTJU24FZC,Bond Inc,West Curtismouth
MERSHD1DRAU81FT,Gonzalez Inc,North Ian
MERSHJS37GRPFDI,"Norman, Harris and Tyler",Port Joseph
MERSI0C1VWQS3ZY,Davis and Sons,Martinberg
MERSIVJO64FRD4R,Caldwell-Williams,Douglashaven
MERSKK9Y8T399ZL,Greer-Moore,East Rachelburgh
MERSKSI9EQ7DC7P,Rodriguez-Simpson,Lake Dennismouth
MERSKYAXSV2KK1P,"Jones, Nelson and Rodriguez",Port Katherine
MERSL4YU8EE0WDK,Watson PLC,South Megantown
MERSL5J9L40LW7G,"Black, Lopez and Lewis",Lake Robertport
MERSMDYWIVGLXVN,Nichols-Shaw,West Michael
MERSMFELV0J5XX5,Farrell-Mccall,Port Brentville
MERSMKSGES75LPW,"Lee, Hall and Schmidt",Port Jameschester
MERSMTVI6ST9FMD,Brewer LLC,Philliptown
MERSN0OL662GUVL,"Weber, Miller and Bennett",Port Nancystad
MERSN5FWSMZDGH0,West-Evans,Johnsonport
MERSNJ5A0J9CN81,Terrell and Sons,Hardinmouth
MERSNMQHYETXCXT,"Haynes, Schroeder and Garrison",Greenport
MERSNYSZJAUDRKK,"Bryant, Summers and Anderson",North Taylor
MERSOCY2GPG5QF8,Garcia Inc,South Jenniferborough
MERSOI123H376F0,Walker Inc,Howellchester
MERSOS69YIB5ZIY,Trujillo LLC,North Michaelside
MERSP39X35PLHP7,Barnes-Smith,Duncanfort
MERSP5ODN9LEZAN,Jacobson and Sons,West Matthewview
MERSPFA4L4BC406,"Smith, Chavez and Peterson",Brownland
MERSPVKX3GWQLS9,Chang-King,Austintown
MERSQ63B7STTH0T,Bailey Inc,Mariaville
MERSQ71P50RO8LA,"Swanson, Hammond and Gay",South Theresa
MERSQEDDALKQ9KK,"Garcia, Harris and Jones",New Alicia
MERSQEJ585YFL0M,"Rodgers, Greene and Herman",Wilkinsonstad
MERSQPNCUWS316S,"Clark, Dean and Smith",Lake Derekshire
MERSQV70C0MSVAH,"Moran, Myers and Heath",Lake Joseph
MERSQW9EYBCL181,"Stanley, Mendoza and Roberts",Markfort
MERSR2N7LPO9Y4H,Tanner PLC,Lake Nancyhaven
MERSRAYJZ9V8OPK,"Wells, Ortega and Marsh",New Michaelmouth
MERSSH6608NCZ0S,Camacho LLC,Hernandezshire
MERSSS4QOIHSFMN,Young Inc,West Jennifer
MERST0FMH7QAO1K,Thomas-Kelley,North Michaelmouth
MERSTC1OMLWH8TF,Davis-Garcia,North Alexandrachester
MERSTGB06FM32AR,"Edwards, Henry and Patterson",North Brianview
MERSTGEJ8MT21QT,Oneill LLC,Brookeburgh
MERSTJ4OD6P2Y70,"Rowe, Castro and Mueller",Bergborough
MERSTNE2UM784VY,"Gilbert, Davis and Wade",Kerryfort
MERSTP97X6KOMMK,"Allen, Reyes and Smith",North Brandonberg
MERSUXHYC8JM4DY,Miles PLC,Lake Cathyfurt
MERSVHHRV7VGS5P,"Meyers, Parker and Acevedo",Port Mitchellhaven
MERSVXS31GFUQLA,Smith PLC,Port Desireeton
MERSWHXXVT036RS,"Moreno, Russell and Martinez",New Pamela
MERSWTC7M3RYY3W,Baldwin PLC,North Alanhaven
MERSWXCV1P98VZW,"Freeman, Daugherty and Wilson",West Ross
MERSX2YK0L9OO1C,Brown Ltd,Lewisside
MERSXNTSBHFYNU3,Kim-Young,Davidberg
MERSXYKDLA5BRS7,"Wyatt, Schwartz and Shea",Woodborough
MERSYT0ZLQV8K9Z,"Brady, Mason and Reed",South Susanview
MERSZ1BF1GN5UDM,Crawford-Maynard,East Katherineport
MERSZ8KIN44KECI,Diaz-Velez,North Saraview
MERSZBUAM19XMRW,Lawrence Ltd,Port Jamesberg
MERT02JCQ50FSEF,Smith-Hernandez,Lake Frank
MERT04Z92B87ZHE,Cordova-Lyons,Gonzalezmouth
MERT0B0TDFDLIOK,"Cunningham, Garcia and Anderson",Joeltown
MERT0V4MYCO1UNV,Martin-Zimmerman,Angelicaland
MERT1218UOGJR0B,"Johnson, Moore and Mason",Joyceside
MERT1LVQ39JYU47,Jacobs-Pierce,New Jeffreyland
MERT1O7PUYCJIXE,"Oconnor, Blair and Carroll",Christianton
MERT1TDVPWRVUX1,"Wood, Baker and Martinez",Whitemouth
MERT24CBW6XWRBJ,"Mathis, Carlson and Howard",Sydneyport
MERT292T5CPLLKP,Lynch Group,Hamptontown
MERT2BJ0NY25NK5,Morgan-Mitchell,Hawkinsfurt
MERT2E69EQ7CTAA,"Smith, Robinson and Hall",Mclaughlinport
MERT2QTHXUKLZYA,Giles Ltd,Lauriemouth
MERT3FNYIH5ELI6,"Williams, Harvey and Thomas",Hopkinsview
MERT3Y5XEF9Z6GH,"Henry, Escobar and Scott",New Catherineside
MERT40YRMW0QNG4,Cox-Mccarthy,Port Davidfurt
MERT4HOSS12TT76,Hill Ltd,West Richard
MERT5I1VK3ZPV77,Rivers-Walters,Judyberg
MERT5OB64AUCW9K,"Willis, Hoover and Simpson",Washingtonchester
MERT5QF9SQ4136L,"Krueger, Murray and Ford",Baxterport
MERT5RV88CTIM2C,"Coleman, Taylor and Jackson",Patriciaview
MERT5TFM9NW90EB,Mcdonald LLC,Danaberg
MERT5TOABIX6FLQ,"Rose, Perkins and Dominguez",Jamesmouth
MERT65LYAKUKZJO,"Green, Wagner and Cohen",Jonesbury
MERT689UZIIGQJP,"Weber, Orr and Willis",Moralesfurt
MERT6JBWEOLVMHE,Peterson-Williams,South Kaitlinside
MERT737GR2549ZB,Vaughn Group,South Jimmy
MERT7603MEF6SUL,"Harrison, Carpenter and Hawkins",West Stacy
MERT7Q84WDA7XVD,"Forbes, Black and Hartman",South Brandonburgh
MERT7QI02RQEU72,Peterson-Brown,Ramirezport
MERT7UZCFKX3C0S,"Allen, Franklin and Avila",West Christineburgh
MERT84TJ08YIX70,"Nichols, Munoz and Ross",Heidifurt
MERT86U5W7OSLTF,"Lyons, Mosley and Robles",Natashaburgh
MERT89GRLC71WG8,"Nguyen, Olson and Sanders",East Chadside
MERT8KQ68HNUIJQ,Sutton LLC,Brandonstad
MERT8VKQD6OS7L2,Bates PLC,Kellyburgh
MERT9NQGFC0MWMP,"Soto, Thomas and Smith",Jenniferville
MERTA4NQU69QYF6,George-Brown,Erinburgh
MERTA5D5I78UXCI,Robinson and Sons,North Michelle
MERTA63YGJLDWLA,Clark-Hall,West Katie
MERTB8UMDCB6GZ0,"Maynard, Schultz and Ortega",Turnerport
MERTBOAD6NJKEFM,"Burke, Wright and Weaver",Hendersonport
MERTBVD3NFHG1AA,Miller and Sons,Meganhaven
MERTBY1YTSTN73N,"Brooks, Henry and Spears",East Marcus
MERTC0UFFFKOTWM,Clark Ltd,Smithborough
MERTC4HEJX6PNTI,"Mitchell, Andrews and Wright",East Patricktown
MERTC7NA3RDDFZC,Kirk PLC,Montgomerychester
MERTC9EFQ1WZCMX,"Simmons, Perez and Fleming",Port Kimberlyshire
MERTCA3OWZ5G9NF,Gray-Williams,West Jessefort
MERTCZZ2SEQA0U1,"Bryant, Williams and Graham",East Savannah
MERTD9P8JSVE8K1,Parrish Inc,Ryanland
MERTDXM6RVLPLEU,Shaw Group,Patriciabury
MERTEH4YYMJZGQJ,Morales LLC,New Roy
MERTEP2NZ7K4W4H,Hammond-Peters,Jamesmouth
MERTER4CULF77PW,"Jensen, Wright and Parsons",New Mistyfort
MERTESQAJ4HZTWA,"Nelson, Floyd and Wagner",West Dianefort
MERTF5T72FZUZFC,Harrison-Walker,West Tiffany
MERTFBAV5DF485P,Smith Ltd,Lesterland
MERTFBUJNAORQ8Y,"Boyd, Burke and Patrick",Danieltown
MERTFM2VWGRCHQ4,Farmer PLC,West Alisha
MERTFXDYW9ZHZ5B,Harrison LLC,Foxburgh
MERTGQS0FJJ6JAQ,Mendoza-Benton,Denisehaven
MERTHC0TT4WA2D1,Benton Group,New Jamesmouth
MERTHFN51NV4DHJ,"Hansen, Duffy and Rodriguez",North Jacobside
MERTHZ30V2ZIZOG,Dominguez LLC,Andersonfurt
MERTI6DG2VJSDGC,King-Harris,Lindashire
MERTIXFBUHVO98U,Blackwell-Bennett,North Ginachester
MERTIXG45W9GOCC,Edwards LLC,East Craig
MERTJ2XOJDG5RYN,Jackson Ltd,Kennedyhaven
MERTJKDHIOQWXAS,"Lewis, Foster and Phillips",Jamieborough
MERTJMN86X72DM5,"West, Hester and Evans",Bensonbury
MERTJSYM8SYYOQ4,"Roman, Brown and Alvarado",West Jeremy
MERTJTL4GOF716L,Zimmerman-Hernandez,Jayburgh
MERTKHXVC7AUK1M,King PLC,Joburgh
MERTKWOFFW44NO1,Manning-Hunter,Sarahville
MERTL20FYXA5CFR,Chapman LLC,Port Christopher
MERTLNFMNJ27J0L,Nelson-Russell,Davidfurt
MERTM00OOSJ699H,Johnson and Sons,Beckfort
MERTM2C9OTOGH5H,Dudley Ltd,West Larryberg
MERTMI93I5CZB1L,Lopez Group,North Jennifer
MERTNA9ZAD5PWQF,Roberts PLC,North Kathleen
MERTNAMD07UV4BW,Clarke-Clayton,Lake Brandifurt
MERTNVPR3X9ZX4Z,"Morgan, Williams and Mendoza",Alexanderside
MERTONAED2HWHHN,Johnson Ltd,Lake Susan
MERTOO2ZI37T70Z,Curry-Keller,New Stephenfurt
MERTPJ49TXOC3DP,"Flores, Park and Edwards",Josehaven
MERTPU7IUXHMVBR,Weaver Ltd,Jamesfurt
MERTPY15LY9QJWJ,"Hill, Kelly and Smith",Cruzview
MERTQ80U4V2K40J,Mack-Aguilar,Fergusonburgh
MERTQ9H93H2UT9N,Barnes-Riddle,Cassandrastad
MERTQR0GBI8AJXY,"Bailey, Stevens and Anderson",Kimberlyview
MERTQTAQN6EO5DE,Livingston PLC,Grayberg
MERTQWL4VGH2GOC,Lopez Group,Lake Adamland
MERTQXX2KZM1DG3,Woods-Avery,Howardfort
MERTRR7314V6M8Q,Wade Ltd,Nicholemouth
MERTRUPH5LCGAZH,"Richard, Mejia and Mcpherson",Sharonburgh
MERTRUQOSUV1QQO,"Smith, Jordan and Becker",East Brent
MERTSGZT8YHESK6,Williams-Fields,North Tammyside
MERTSNLTPZG8HSH,Sullivan-Hernandez,Matthewchester
MERTSPKBK7723ZT,Swanson and Sons,North Ryan
MERTSRKB61O3OSD,"White, Perez and Reid",Baileychester
MERTT6AAF15XN6M,Roberts-Flores,Lake Courtneyfurt
MERTT99YBKBGQSD,Klein-Roberts,North Nicholasburgh
MERTTB7N67K6OQK,Miller Ltd,Donaldstad
MERTTEZ7TTHLUME,Lynch Group,Andersonfort
MERTTN749U145BA,Green-Carlson,Ryanview
MERTTUPE3V9XJXA,Wright and Sons,Burkeburgh
MERTUPV84BCBO66,Browning-Scott,New Aaron
MERTUT7OA8XC77H,"Bates, Myers and Johnston",West Sarah
MERTVG9472PLOLB,"Newton, Richmond and Wiley",Torresbury
MERTVG9ESEM3XV7,Haas Inc,Nicholeshire
MERTVRSGBOXN9WY,Rivera-Rich,Bergmouth
MERTVTE4YTJ3GM4,"Henry, Smith and Ward",Joanneside
MERTVULI4XPZ3KK,Davis Group,Josephland
MERTVZAQNA02QZI,Humphrey PLC,Justinmouth
MERTW2AVXUP1EXX,Mueller-Stewart,Michaelport
MERTWLF5DSQEIWA,"Shaw, Carpenter and Ellis",Terrifort
MERTWR0YU94BL6S,Mason PLC,Lewistown
MERTWT90VAY4YXK,Nelson-Wilson,Port Cynthiabury
MERTX2BI9DWA45F,Mendoza LLC,West Thomas
MERTXF2B6PEJQCS,Green and Sons,Port Bruceborough
MERTXR2X2S9H25Q,Hudson-Griffith,North Patrickton
MERTXVL689WCPR6,Davis-Rodriguez,East Karen
MERTXW5KRDMJZMU,Melendez-Gray,Elizabethbury
MERTXX8MFGC6SE2,"Freeman, Francis and Bates",Sherriville
MERTXYTRU2XBWBR,Nelson-Gibson,Churchside
MERTYGAMHOSFDK1,"Gillespie, Hensley and Barton",Aguilarmouth
MERTYI3XBI0HN3M,"Anthony, Simpson and Duran",Port Rebeccaview
MERTYOCFZITOK2M,"Powell, Moore and Cunningham",New Larry
MERTZERMS9VSVFB,"Romero, Foster and York",South Juanmouth
MERTZI4IPJERA9R,"Jones, Johnson and Brown",Davidport
MERTZP11R9HR40G,Mays Inc,Jasonchester
MERTZSXIOTW4EME,"Trujillo, Jones and Williams",South Valerie
MERU0ZJTNLKZ2E1,Franco-Hammond,North Michaelville
MERU14G67SPHP9O,"Howard, Craig and Small",Amandaview
MERU17FVJZFMBNK,Edwards-Carr,Jeffreyfort
MERU17G3SRQ79TD,"Levy, Butler and Martinez",Robertfurt
MERU1IH9J8C0GR6,Williams LLC,Tinashire
MERU1YKYZIGGE6L,Davidson Inc,North William
MERU1Z8UUTXYBMO,Kidd-Williams,Port Jessicaside
MERU29Z2AI3GW6M,"Moore, Villanueva and Ward",Lake Racheltown
MERU2GHCYCP47KB,Guerra-Anderson,Port Thomasshire
MERU2GLJ5QYH47I,"Gomez, Mills and Beck",Hurleyville
MERU2LV19ACRDJ3,"Madden, Baker and Wells",Bradleybury
MERU2U3MSS1C2E1,"Trujillo, Smith and Greer",Reyesside
MERU3AE4BYQDYEH,Burke LLC,Crystalshire
MERU3BIJUC9SO1K,"Wright, Payne and Hernandez",Hannaburgh
MERU3F54ZRT7ZDX,Fox-Taylor,Rubioberg
MERU3I2WV9E5EFA,Nelson Group,Scottview
MERU3JDRSN36MRL,"Mccoy, Miller and Porter",Williamhaven
MERU3Y91JU0GFA0,Smith Inc,Thompsonmouth
MERU42450Y4M1M1,Glass Ltd,East Jessicatown
MERU449J3IWCAOU,Graves Ltd,Santanaville
MERU44FIF7G2KOV,Sanders-Martin,South Judytown
MERU4X9ZYTXY2UM,"Thompson, Lyons and Jimenez",Hoffmanport
MERU54B3MK5O5AZ,"Moreno, Salazar and Williams",Medinatown
MERU58Y2JLD115W,"Woods, Edwards and Watson",Atkinsonfort
MERU5D37P6WP8PA,"Lewis, Flores and Roberson",Port Annashire
MERU5DWOT7IYY1Q,"Villanueva, Daniels and Blackburn",West Ericland
MERU5LXSBZNU5LY,"Murray, Cortez and Clark",South Diane
MERU5M8EWD83M5X,Garcia-Porter,West Stephanieville
MERU5RJQQWMLNQN,"Smith, Perez and Martin",North Ryan
MERU5UNJAV9XUO9,Hayes LLC,North Patriciaport
MERU5Y23216FDHU,Le-Mccann,North Robinton
MERU60KFPGZ2V85,Padilla-Davis,North Matthewborough
MERU65KB3HGFI64,Hampton-Lee,North Matthew
MERU6F2IKTM8DB7,Brown-Quinn,Lake Valerieland
MERU6T74W8M7GHI,Mcintosh Group,Port Erinmouth
MERU70GLO9N0VBY,"Boyd, Green and Nelson",Schwartzton
MERU7P4L16IOBPF,"Matthews, Steele and Lyons",Millermouth
MERU7XH991SGGCL,"Cruz, Neal and Thompson",North Patricia
MERU7YI9MVF8F41,Terry PLC,South Josemouth
MERU8AV4R7CJ3ED,Best-Powell,Robinsonton
MERU8JVKK5S04Z7,"Smith, Tate and Mclean",Christianfurt
MERU8LU0KOXPW2G,"Ferguson, Nguyen and Hamilton",West Alyssa
MERU94UIKFCYP4S,"Long, Mcmahon and Mccann",West Laura
MERUA1363G7KEMS,Chase LLC,Richardsburgh
MERUA6R8IEM656V,Daniel-Juarez,New Kennethfort
MERUAAT5UHVA5BR,"Wilson, Clark and Evans",New Angela
MERUACMHOE0JPRV,Yoder and Sons,Diazview
MERUBATH0CMCY5J,Ortega Inc,Millerhaven
MERUBGBMFHR1IH9,Shepard and Sons,Port Sarahton
MERUBHM1RHFBEWD,Martinez Inc,Gutierrezfurt
MERUBMT5KRNOXGN,"Reese, Watson and Johnson",Lake Hannah
MERUCC3DT12GWN3,Cox-Jacobs,Johnfurt
MERUCCPYUDV9VJB,Raymond-Orr,New Jose
MERUCGCTAJHOR5S,"Wright, Fischer and Jones",Hammondton
MERUCIMSQ6HNZAJ,Parker Inc,North Karen
MERUCSB9TX6S9ZC,Horn-Kennedy,West Patrickhaven
MERUD0JMGLEH597,Edwards Inc,Paulton
MERUDFGDFUE9OLY,Jacobs-Martin,Gutierrezfurt
MERUDUG94W14U0B,Oliver-Johns,West Miguel
MERUEC98MOHJAQ6,Burton-Wilson,Stevenston
MERUELY1K0QE7BT,"Hayes, Ross and Sanders",Port Karenville
MERUES8Y4NVK54I,Scott Ltd,Gonzalezfort
MERUFB2MBMNS5B2,"Mccall, Thomas and Jimenez",West Haydenmouth
MERUFINTLY2Y6SV,Brown LLC,Millerburgh
MERUFN3RZH4TNVJ,"Glover, Jackson and Rivers",Lewistown
MERUG21E8SK9UMJ,"Walker, Armstrong and Cooper",South William
MERUG25C5O6F52D,Stone Inc,West Jacob
MERUG9DEYW8H1OU,Thompson PLC,Michaelland
MERUGBPETBO7RY9,Brown-Morgan,Lake Williamtown
MERUGVL29AXFSDE,Briggs-Wagner,Harmonview
MERUH39Q0V4S2IL,Fernandez and Sons,Scottfurt
MERUHHJPCSSDJPU,"Woods, Knight and Pitts",Deborahberg
MERUHI0ADFRXCSE,"Davis, May and Jones",Ronaldchester
MERUI1ZTCBRAHPA,Fleming-Thomas,East William
MERUI5XZ9QR0FOE,Brandt-Mason,North Alectown
MERUI94C5HFVHEH,Rowe-Leonard,Micheleborough
MERUJMXMU7A9A3K,"Bowman, Tapia and Bowen",Nancybury
MERUJNSGKXD2ABS,Hansen Inc,Susanborough
MERUJZ9BFLPBDPK,Clark PLC,East Marcus
MERUK6VOALRH13P,Savage-Olson,New Connor
MERUKBKKP2LQWBG,Patrick-Baker,East Monica
MERUKFR5BZPONEB,"Martinez, Carter and Stark",East Reneestad
MERUKFY9MBTOU8M,Flores-Lee,Michelleton
MERUKH0LC1XF0TJ,Clark-Logan,Lake Jonathan
MERUKMGDRPDXBA8,"Cole, Smith and Stone",Alexisland
MERUL2NIXI6F1J3,Spencer-Orozco,Samanthaport
MERULE50D9PTXO7,Parrish-Smith,Port Melissa
MERULR9RF8SJ1IN,"Stephens, Burke and Mcclain",South Jodyton
MERUM3NURNAD15R,"Skinner, Stevens and Barnett",Doughertyville
MERUMOLXQVHE8X2,Davies and Sons,South Joshua
MERUN1OWP0HHC6P,Black-Garcia,Paigemouth
MERUNA2EKGIHIF1,Allen-Drake,New Petertown
MERUNH9RXJVJ71F,Anderson-Barnett,Smithburgh
MERUNJ8HUXRGIHD,Stafford Inc,Jacksonmouth
MERUNU2841K4Q4U,Smith-Williams,Hollowayside
MERUOICM4B7VIGN,Smith-Morales,South Jason
MERUOSOH61BW4RT,Moses-Davis,Benjaminville
MERUP1JRI986EKA,Burns-Mayer,Olsonton
MERUP26SRZEB5DE,Hopkins-Powell,Brittneybury
MERUP75QD1W8KW0,Ferguson-Poole,Port Kim
MERUPGBHWYTR2CB,Cunningham-Martinez,Lake Josebury
MERUPJ3Z82M0OKR,Wade-Lawrence,Ronaldberg
MERUPQR9XRZA77T,"Hughes, Sanchez and Kirby",South Nathanstad
MERUQ8AOEDUEKY7,Johnson Group,New Donnaborough
MERUQL9T4UQGFDJ,Kim PLC,Johnnyside
MERUQP9A6ZLR4ZW,Bradley Inc,Jimmymouth
MERURIW0O9XK0YP,Hill Ltd,West Christopher
MERURNQX7N5OBTT,Watts-Williams,West Shelbychester
MERURPKSJ6NLJNO,"Kim, Lewis and Thomas",Michaelbury
MERUSCQM8QGI1YF,"Williams, Park and Santiago",Thompsonview
MERUSLTR1SGLKQ2,Gonzalez and Sons,Boydfort
MERUSYR8PQBS6Z7,Mills Inc,Langhaven
MERUSZXBII4IOBL,"Brandt, Sanders and Hernandez",Port Elizabeth
MERUT4QOPFOXRYQ,West-Kelley,North Robert
MERUTDDKFEFG80T,Terry-Cooper,South Nicholas
MERUTG251MH97FU,"Ramos, Adams and Fleming",Christinahaven
MERUTXBO4URFP04,"Walker, Peters and Wall",Jeffreyborough
MERUU4LIQ2FF3G7,King and Sons,Johnnyport
MERUUXAW8EJA7DX,"Macias, Hudson and James",New Rickborough
MERUUZB2MR9JFN6,Kim-Novak,New David
MERUUZI2NTOCRW4,Clark Group,Longmouth
MERUV1XK64SV3YZ,"Kane, Huff and Miller",New Michelle
MERUVBGXEQQ6A4H,Nelson-Richards,Port Amyland
MERUVRVMMNR9FPU,"Taylor, Joyce and Miller",Lake Henryhaven
MERUVX8BUR96O0R,"Pitts, Oneill and Stark",South Shawnborough
MERUW2HJEOC735D,Powers Group,East Brandi
MERUW55TC1UXX4E,Cooper-Hicks,New Laura
MERUW6CK524IJFT,Garner Group,South Amanda
MERUWF6SHUC1GCI,Thompson Ltd,Lake Jessica
MERUWM3W6SJIKD4,Martinez Ltd,Kellyview
MERUWPSJ5DLTZXV,Carpenter Ltd,West Kevin
MERUWR76GBLFXKC,Padilla-Daniels,Port Mary
MERUWS9C2SA7LAG,"Marshall, Friedman and Gonzalez",Christinaton
MERUWSD4RTHYIN2,"White, Strickland and Chase",North Destinyland
MERUX3SFCT816KY,"Glenn, Adkins and Mcbride",Powersshire
MERUX43VP79DEA8,Parker Ltd,Dodsonchester
MERUXEMBPLU8F9U,"Floyd, Warren and Smith",Cookfurt
MERUXJNT819Z9SP,Delgado-King,Rodriguezport
MERUXKFBESOEAQG,Andrews PLC,Lake Kristastad
MERUXPADJ0L2LGW,Smith and Sons,Romanhaven
MERUXXS4WAFIICS,"Austin, Booker and Willis",East Ralphview
MERUXYWPR8EZ89G,"Estes, Logan and Fernandez",Washingtonton
MERUY9ORRCZQWWT,Greene-Burnett,North Lawrencestad
MERUZMSLG08C8KC,Rasmussen-Nixon,Tommyland
MERUZQGBBV453LG,"Gonzales, Garza and Holt",Hillburgh
MERUZSWT1A0TGN5,Mitchell-Hayes,South Micheleport
MERUZUJ5DI5UD9H,Rogers and Sons,Amyshire
MERV0MWBPQLLGX2,Jones LLC,New Michaelport
MERV0WTXJPEUOVF,Bush-Sanchez,Bryantfurt
MERV150RKJY3E6R,Freeman-Long,Holmesland
MERV1VHA77PZBFW,"Williams, Sanford and Brooks",East Ryan
MERV2457I8L4V5P,"Garner, Baldwin and Novak",East Madelinemouth
MERV2J13WDU97EA,Williams-Clark,Jonathanmouth
MERV2MR4MOOHC1K,"Curtis, Johnson and Lambert",Port Mark
MERV2NN0VDNFU29,Berry-Robinson,East Katrina
MERV2QIXBTXTWJP,Gray LLC,Port Connorfurt
MERV3253TXPAJNK,Mack Ltd,Romerofurt
MERV38FV3HAN265,"Thompson, Sims and Wise",Stephaniefort
MERV3BAWLOS1QSP,Ball-Diaz,West Raymond
MERV3M7U4R5BT9R,Hale Group,South Katrinabury
MERV40PN5018XG9,"Gutierrez, Williams and Contreras",Teresafort
MERV47WGYC5YU3W,Soto and Sons,Ashleyland
MERV4DNBKT2UQV0,Evans Inc,West Lauren
MERV4SVFK5L85FX,Berry Ltd,South Danabury
MERV4UT2NRNWLHC,Nguyen Inc,East Bryan
MERV51WPY6X74GE,Franklin Group,South Carrie
MERV55A5IJS2XPX,Robertson-Bradshaw,Heatherberg
MERV5LHTNNR3CCN,"Murphy, Davis and Garcia",South Stephanie
MERV5W3HH6R85HS,Pham-James,Valerieburgh
MERV5WOUINM5HQT,Olson-Garrison,Johnsonhaven
MERV68QWJPF71S5,Sanders-Lopez,Rebeccaton
MERV6CCXS1Y42HY,Holloway-Miller,North Mark
MERV6J9SIPFV8GB,Davis-Warren,Brownshire
MERV6MLR6R2HI3C,"Snyder, Haney and Olson",Davismouth
MERV6TYQ40N4GEQ,Cochran-Miller,West Jillianhaven
MERV75KJ4T3JQWH,Jones-Boyd,Trevinoport
MERV84KL1S5VG82,Morse-Hansen,Clarkfurt
MERV8FM3MZK1F1Y,Graham-Taylor,Matthewhaven
MERV8GXWID65AMG,"Harris, Davis and Young",Davidberg
MERV90LXULKKFI1,"Campbell, Noble and Nelson",Donstad
MERV90UPIHK5JVY,Williams PLC,South Heatherbury
MERV9RWN6AWW265,"Black, Huynh and Lee",Murraystad
MERV9XAZNP2WBMS,Parsons-Edwards,Sharonville
MERVAEC461BZ21W,Martin-Melendez,South Carolyn
MERVAGF6DMKFX4V,Blankenship-Brown,East Dominiqueside
MERVATROECOKDK0,"Hawkins, Gonzalez and Rivera",Richardberg
MERVATXRDK09EZD,Johnson-Harris,Christopherstad
MERVB24FODXFUI2,Nguyen-Tate,Stephaniestad
MERVBJP07XIICPN,Kirby-Morales,Cunninghamfurt
MERVBRT8S7966S5,Henderson Inc,North Juliebury
MERVC8NLAKST1P0,Love and Sons,Ellisonbury
MERVCSELR488C30,"Bradley, Gutierrez and Reeves",South Tammy
MERVD2YLUKXJO0R,"Jenkins, Harris and Swanson",Whitneyfort
MERVDC06ZZJ0LX9,Wilson-Smith,Jasonchester
MERVDIUMRZNBWPZ,Hicks-Cardenas,Port Josephmouth
MERVDTIO1MM7ESY,"Mccoy, Oliver and Elliott",Davisburgh
MERVE38X381E7ZT,"Lynn, Sexton and Lewis",Lake Robin
MERVE3JVJ86XPQW,Smith Inc,North Elizabeth
MERVEGUPYX2W1IX,White and Sons,East Jeremy
MERVEZ49ELT9HQO,Lewis PLC,Michellefurt
MERVFDU4QB0XZJH,"Ray, Stephens and Serrano",New Travis
MERVFIBW5MFLHW2,Mays PLC,Lake Kevin
MERVFJDXH5WPD07,Beltran and Sons,North Christinamouth
MERVFS6X2MP44S0,Burton Group,East Annachester
MERVFTLMP7PLYHD,Lee-Arellano,West Timothy
MERVG1PIOU800NW,"Sullivan, Campbell and Marshall",West Austin
MERVGD6OG265IYF,Gutierrez-Smith,North Derek
MERVGP1ELZ9TURL,"Martinez, Banks and Crosby",Sullivantown
MERVGT7Y3VA3CZT,"Guerrero, Garcia and Nunez",Villegastown
MERVGVJ4GD35Z5S,"Cannon, Jones and Mclaughlin",Davidbury
MERVGXEE7FNZQY0,"Goodman, Allen and Morton",South Paula
MERVH84ZV6L8XDY,"Mahoney, Butler and Wagner",Davidland
MERVHDE5K0RT9UF,Moore-Jackson,Lake Lauren
MERVIP77XVHLLLU,"Stevens, Santos and Norris",West Ronaldhaven
MERVJ0MUXARGC67,Edwards and Sons,Lanceview
MERVJM9X1QT20ZI,Davenport-Newton,Bonnieport
MERVK22I82OJKAO,Castaneda-Hamilton,Marychester
MERVK5KCOYVACF9,Hayes and Sons,New Williamville
MERVK942XPDCHYA,"Young, Robertson and Buckley",Waynebury
MERVKJ9CC2L44AA,"Peters, Miller and Farley",Jenniferside
MERVKOV0FNQGH3L,"Tucker, Anderson and Lewis",Kellybury
MERVKQ36YIGE69M,Morse LLC,Port James
MERVKSO6GVUYSPV,Strickland-Becker,Douglasville
MERVKWWW4DVWXW0,"Robinson, Henderson and Farmer",Schmidtborough
MERVKXL6044OZXZ,"Hall, Lopez and Lopez",Atkinsonhaven
MERVLHIDMWHVJTG,Wong-Perez,East Ryanmouth
MERVLJ0M2BX4OTJ,Graham-Bruce,Port Christopher
MERVLLKWW2KYE0W,Miller Inc,Mariomouth
MERVLQQO79C44RZ,"Smith, Hunter and Taylor",Jesseberg
MERVM9E0NZ3S2C4,Hudson-Weaver,Armstrongville
MERVMQAD4S0SX1N,"Quinn, Orozco and Fitzgerald",Johnsonburgh
MERVMUFKXWQY22T,Stephens Ltd,North Joseph
MERVNL6WLSAWEVT,Miller-Williams,North Carolynhaven
MERVNRJA3288Y34,Andrade Group,South James
MERVNTH9BD0AKBY,Blake-Gonzalez,Mcgrathmouth
MERVOWB48IDW4IY,Smith-Brown,Andrewfort
MERVPCH8WJY95W2,"Dawson, Jackson and Duran",South Gail
MERVPL2ABLHXY9N,"Dominguez, Parker and Gross",North Collinview
MERVPXRGBBUXM98,Palmer Ltd,Justinburgh
MERVQ9V8GRI7OSA,"Brooks, Alexander and Williams",South Melissaton
MERVQIWFDRP4G60,Noble-Watson,New Linda
MERVQOGF6KDZ3H4,Duarte Group,Hannahburgh
MERVQRIX9L9F7UD,"Kelly, Phillips and Schwartz",East Jason
MERVRWKIYOY16EL,"Maynard, Cain and Brown",West Vanessaborough
MERVS1PP2RKX08R,Long-Travis,Millerberg
MERVS8BKVUNYWTZ,Rivas Group,Byrdtown
MERVSKEU8GR8XDD,Hill-Morrow,Pricehaven
MERVSSDXPXZ68GL,Long-Horton,Traceyview
MERVSXB5P2JBL7S,Rodriguez Ltd,East Regina
MERVT1HPI05KCGA,"Wilson, Pratt and Scott",Shannonstad
MERVTGANQF4FKW8,"Roberts, Keller and Wallace",North Michael
MERVTXTMUD3V3VN,Henson-Lee,Harrisonbury
MERVU84XRKK3MHM,Patrick-Williams,Lake Courtney
MERVUDUNAX6KX0N,"Williams, Spencer and Cole",Port Douglas
MERVUGMMT0IYTCE,Green-Fox,Smithbury
MERVUPO6ZR1S5BS,"Webster, Greer and Simpson",Mirandamouth
MERVUWBUUX9AC6P,Sanchez-Mcknight,Glendaberg
MERVV0PMUCGNGJJ,Anderson-Norris,Johnsonchester
MERVV8QSITFDORJ,Holmes Ltd,East Nicole
MERVVDVB31VBLWS,Sandoval and Sons,Pinedaside
MERVVO0D8X206MB,"Whitaker, Wang and Carroll",South Evelynfort
MERVVZLW4YTFJY7,"Porter, Johnson and Murphy",Oliverport
MERVW5ALTIX0FJZ,Francis LLC,Dominguezmouth
MERVWBQ9WIL662U,Guerra Ltd,New Amandafort
MERVWOMGISIE2T9,Espinoza-Wilcox,Clarkchester
MERVWSMI6L0BLJZ,Myers Ltd,East Christyside
MERVWUU7AXW12YR,Wang Inc,Lake Adamchester
MERVXSYV20MJH60,Cox-Floyd,Elizabethchester
MERVZL9N0G07PE7,Fleming PLC,New Sandra
MERVZRJW4VXAUER,"Romero, Ortiz and Barajas",Kingborough
MERW0W2KU2B3RYB,"Curtis, Rojas and Kidd",Murraybury
MERW18NXC5RLQH8,Morgan PLC,North Kathryn
MERW1DGPSM2FQ7U,Mercer PLC,Williamsfort
MERW1RJKSD9O80X,"Kim, Burnett and Gaines",Harrisonchester
MERW2BRNBNW1ZZW,Campbell-Rhodes,Newmanberg
MERW2OE8SJMXW4M,Bryant-Terrell,New Ritaburgh
MERW2T3FEDWZ1LT,Davis-Jones,Lamberthaven
MERW36PZIK4OLEM,"Walker, Williams and Rodriguez",Michaelfort
MERW3ES36ZRMGM2,"Monroe, Russell and Wright",Lake Sheriside
MERW3H87KGL7HOS,"Garcia, Bates and Ramirez",Higginsburgh
MERW3LQXWSO7D5R,Walker and Sons,Elijahfurt
MERW3NLEKZDSYYM,Koch-Brown,Jeffreyshire
MERW3QPRVMQ504R,Walker-Conner,Sloanbury
MERW3YZS9U3BZ43,"Moore, Page and Alexander",Maynardtown
MERW3Z8VF9NSLOJ,Crawford-Brown,Port Russell
MERW406Y25Q5GAI,"Castro, Chavez and Williams",Moseshaven
MERW45VKH8STRQ9,"Lee, Hart and Hoffman",North Philipside
MERW4CB1KS2FGC4,"Mccoy, Jones and Fisher",Taylorland
MERW4EFBIM197P6,Holmes-Smith,Lake Mark
MERW4NS0CU4IIZ4,Martinez-Carney,New Christopherfurt
MERW4Q5WR7FLZM5,Smith-White,East Kyleburgh
MERW59K8UJ79ITN,"Cochran, Thomas and Smith",Port Jeffrey
MERW5R3VCG6K7TD,"Anderson, Washington and Kim",Kariland
MERW60PXLEARBU1,Porter LLC,Port Michele
MERW67AAEPYTC1C,Lewis PLC,Mirandamouth
MERW6B1MN74NUWQ,Chan PLC,East Phillipfurt
MERW6M0SOMTAISV,"Lopez, Walls and Stein",New Georgeshire
MERW76LX58TF7XF,Rose Inc,Lake Matthewmouth
MERW7MJKC284GCE,"Santos, Houston and Taylor",Mooreshire
MERW7MYO46UE870,"Cox, Hart and Zavala",Vaughanmouth
MERW7T5VZ4HFEE7,"Harris, Carpenter and Oliver",South Richardmouth
MERW7V0DG5S8ISM,Clark and Sons,Longland
MERW86XSB7BKQY0,Kennedy-Cook,East Kimberlyhaven
MERW8A6C9K1R6KN,"Dixon, Smith and Salinas",Wardfort
MERW8CUIM1P3TZR,Bailey-Taylor,New Christianport
MERW8D2SBK0UFWF,Stevens-Miller,Harriston
MERW8QUPXN66FRS,Anthony-Walker,Gonzalezshire
MERW8RQW6YJ2RPG,Collins-Chen,Shannonchester
MERW9O153WG7DST,Wheeler LLC,Wufort
MERW9PPFAAFV96E,Andersen Ltd,Paulahaven
MERW9RFG3OFX78F,Davis Inc,East Jenniferbury
MERW9TVEYXU8FRE,"Hernandez, Taylor and Harris",East Angela
MERWA1WY2QBG8U1,Johnson Inc,Karenmouth
MERWADBA4B6TNKG,Wolf-Cordova,New Isabel
MERWASGL2FIU2N8,Walters-Thomas,Nathanielstad
MERWB74T3HYTYB6,Ortiz-Green,Melissatown
MERWBE6G70ZWVOX,"Cannon, Goodwin and Johnson",South Tiffanyville
MERWBM19ORF4Q5M,"Mills, Glenn and Erickson",New Kevinmouth
MERWBN9IG8QKLE2,Brooks-Ross,East Heather
MERWBZCR2C8V747,Sharp-Mccoy,Joanfort
MERWC5X40XE73K1,Fitzgerald-Butler,Cameronhaven
MERWCMJNO5ZJIG5,"Bridges, Meadows and Chandler",Meganborough
MERWCOVB8NYHADB,"Cook, Murphy and Rice",Williamsbury
MERWDH50SAFTBK9,Gill-Harris,North Zachary
MERWDHAI3Q6VEYM,Young Group,New Caitlinberg
MERWDQWTJE4F8U8,Stevens PLC,Markland
MERWECBN383Z1Y5,"Anderson, Page and Miller",Anthonyside
MERWEDJP4LF8XOU,"Burns, Riggs and Jenkins",Bautistamouth
MERWEHH0ATZ1GPE,Lee Group,North Juliaborough
MERWEMEAOZZ96FI,Vargas-Fletcher,South Pamela
MERWES9JD2HRB0C,Garcia-Cannon,Port Elizabethview
MERWF19PWWD7286,James and Sons,Wilsontown
MERWF9W8YFP1V3J,Curtis-Shelton,Lake Joannaville
MERWG8B2NC7A0RT,Armstrong-Sullivan,Lake Donaldburgh
MERWGK5P3SWXSLF,Kirk-Cobb,Lake Tonimouth
MERWGQ9MP5QFKEV,Davis-Friedman,Grantchester
MERWGTI08K9RNQI,Adams Group,Zoeburgh
MERWHJ49UYTMA9B,"Young, Gibson and Gonzalez",Lake Heather
MERWHKAKPWD84DT,Bishop-Liu,Frankberg
MERWICO7SAB3LZL,"Lester, Reed and Hamilton",New Robert
MERWIHAFTCAAQP5,Beard Inc,South David
MERWJ5F0SUIKBH4,Brown Inc,Nicholasbury
MERWJPCNRED78GQ,Patel-Torres,Schaeferton
MERWJW4M2GQKN2Z,"Carlson, Hamilton and Scott",Claudiabury
MERWJZ7ZG51SFXD,Thompson LLC,East Markmouth
MERWK6WK9D3AVZH,Fisher Inc,Port Sara
MERWK9AQAT42O4Z,Green-Murray,Charleneville
MERWKBAGICP4WP6,"Moore, Williams and Hardy",Port Emily
MERWKESKDGFIEFY,"Green, Koch and Wilson",Lake Melissachester
MERWKJYJGDSV7RF,Ballard Ltd,Baileyberg
MERWKMAHGM0DKHQ,"Escobar, Long and Maldonado",New Jason
MERWKSZAKG1DOMX,Green-Mason,Iantown
MERWKZX9S4LT00B,Spencer-Mora,Johnville
MERWL0X71OQ6T75,Burton PLC,North Timothy
MERWL2FYL8Q1I02,Martinez-Mason,Kyleside
MERWLBAUL7CMD6W,Jordan-Wood,South Joseph
MERWLFT7YJCBVFU,"Alvarez, Meyers and Simon",North Joel
MERWMFG246X5AGL,Howard-Robles,Davidstad
MERWMR7T82ZTC8R,Harris-Davis,Robertville
MERWMSP63KGZUWX,"Adkins, Graham and Johns",Gabrielleborough
MERWMTLGZ14Y38Y,Jefferson Ltd,Matthewburgh
MERWNOW22DPV472,Daniels-Ball,Josephview
MERWNUZF5IKNX6J,"Daniels, Palmer and Leonard",Christopherfort
MERWNW1WCXRUKTW,"Wilson, Rodriguez and Jackson",Kaylamouth
MERWNZB1KWTN22M,Reid Ltd,West Janet
MERWO3TBGMRAR57,Taylor-Travis,Davisview
MERWOHNSX9RRPW9,Moore-Pena,Jasonburgh
MERWOJAIW7X6IDZ,"Miller, Fernandez and Santiago",Powellport
MERWON5AYVNQCKA,Calhoun-Hunter,East Andrew
MERWP5C0ZEAFM1F,James Inc,North Jared
MERWP85MTHGUGH8,"Whitney, Mitchell and Love",Susanborough
MERWP8F4JP4CH6D,Allen-Wilson,Annamouth
MERWPCC94S5BC9J,Garcia-Hernandez,Ashleyburgh
MERWPX09O9MA9Q0,Jones Inc,Brownchester
MERWQ9Z5SM39GTT,Wilson Ltd,Desireeshire
MERWQBM2WPG27J7,Simon Inc,Douglasland
MERWQLV0W1FOGXI,Walker-Soto,Owenfort
MERWR4GSOGU3FDN,Kennedy-Kennedy,East Karenmouth
MERWR6P5010CJ7X,Anthony-Martinez,Brandonview
MERWR8O0XAKK3E9,Mcdonald Inc,Devonfurt
MERWR9893CCCDGG,Glass and Sons,Ayalaberg
MERWRYBE2P0ICFJ,"Williams, Liu and Ellis",West Karenside
MERWS728MBW3I78,Mccall-Chavez,East Tonyaborough
MERWSJ6Z2HEJ5J1,Meyer-Fleming,South Daniel
MERWSR7SF8036X9,Schroeder-Russell,Richardport
MERWTD19IIL320M,Smith and Sons,Port Feliciatown
MERWTL9LA3JNDZK,Wallace-Pittman,Lake Jennifer
MERWTN3M3F50RE8,Figueroa and Sons,Smithfurt
MERWTOO47JZ96NB,Lucero-Bailey,Lake Roberthaven
MERWTQE14H61BIL,"Berry, Mcdonald and Adams",Boonebury
MERWTWGEI7BJF21,Short Inc,Melissafurt
MERWTWPS4NIUCR2,Baker-Mason,New Kyletown
MERWTXN4GGMNWW6,"Hernandez, Anderson and Castro",Dawsonmouth
MERWU8VK3LRKYOS,Richmond Ltd,Port John
MERWUDISS7O6YC8,Smith-White,East Kimberlyburgh
MERWUIV3A6T6HEK,Holt-Rosales,Johnsontown
MERWV6UOZ2TW5Y5,Perez-Chapman,Joelmouth
MERWVHZJ6QI2XJ4,"Perez, Smith and Weaver",Marcusfurt
MERWVPSHCYJLE9A,Mccoy-Cooper,Williamfurt
MERWVSOPEI0272W,Miller-Jones,East Karenshire
MERWVW6QWFWDDIO,Page-Calhoun,West Russell
MERWVX0A2YWXJLP,Miller and Sons,Jacquelineville
MERWVXSJ0VS4IAT,Wade and Sons,South Katherinehaven
MERWX1DAVQXF8A6,Owens LLC,West Shelly
MERWX1LO94KT0XW,Arroyo-Savage,Schultzside
MERWXNWLBAVMORP,Richard and Sons,New Erica
MERWY0ZQGZZ8JDV,Burch-Rogers,South Ronald
MERWYAUW7SOHV1W,"Bolton, Lester and Kelley",East Suzanne
MERWZ1C7X9HCFJA,Walker and Sons,Gibsonbury
MERWZ6RHXS72P55,Ashley-Johnson,Kevinshire
MERWZ79C0IF5N8I,"Duncan, Turner and Jennings",Averyshire
MERWZB85EN8FPUG,Warner-Stephenson,Archerfort
MERWZE0H8JU3WJQ,Schneider LLC,Kaisertown
MERWZPIMPJ6YLX0,"Nash, Wilcox and Robinson",North Sheriville
MERX0LZ0OK7ILHQ,Cruz LLC,Lake Keith
MERX0NEQB1RH7Z9,Mitchell Inc,Tiffanyton
MERX0VERL7KQW9P,Buck Group,Spencerbury
MERX0XNLS7TQF4M,Garcia Group,Paulside
MERX15X7QPSXFCH,Caldwell-Murphy,Kaylatown
MERX1TJZHQOGNFU,Thompson-Brown,Riggsburgh
MERX2A0VAFDJEGS,Mcclure-Watson,Lake Jeff
MERX2E5XS31VXNR,"Rodriguez, Stephens and Johnson",Joannaburgh
MERX2HBI7OSVQ8L,Jackson Ltd,Amandamouth
MERX2J4J8UBJE7B,"Hawkins, Wu and Zamora",Andersonport
MERX2QM8F42VI3V,Mcclain Group,North Johnland
MERX3FAX2OV8X3S,"Paul, Swanson and Schmidt",North Tammy
MERX3JG2WA1FN4O,Long-Daniel,East Francisco
MERX3WOBHR8PHT5,"Bell, Davidson and Morrow",Patrickchester
MERX3YZFEBBTSUF,Travis-Shelton,Parkerborough
MERX44ZGU3U2GQZ,Bowman Ltd,Mckeeland
MERX4JR7Q91GLUG,Contreras-Roberts,New Jesusfurt
MERX4VOSIPRP3XJ,Rodriguez-Frederick,West James
MERX4X3PDKTETTW,Macdonald-Wells,Lake Lauren
MERX4YL9CTOADB7,Chen Group,North Zachary
MERX567H2V6UUI3,"Smith, Le and Proctor",Kelleymouth
MERX5ZZOATUFTZH,Luna-Adams,Port Brittney
MERX6AHUXRFU8BD,"Scott, Buchanan and Fields",Port Brandonville
MERX6OL660NJOKV,"Johnson, Avila and Hernandez",West Edwardport
MERX6ZX21YNUC8X,"Perez, Golden and Blair",Andrewhaven
MERX70GXA5951HP,Williams-White,Port Edgarville
MERX7ARTHBLUBXE,Hopkins-Lang,Victoriafurt
MERX7RE78VJ6B76,"Mathis, Rogers and Burch",South Juanchester
MERX8XLUBUQJFZS,"Cain, Townsend and Salazar",Tinaberg
MERX96XZ10RB9JT,Bell-Collins,Bonnieland
MERX98RVNHLRP21,Arias Group,South Timside
MERX9SOSXCQL2RC,Garner-Padilla,Adkinsland
MERXAGPEKQBHHUH,Roberts-Cook,Lake Joybury
MERXAMOLFWGG2MJ,"Lucas, Carlson and Moore",Kimland
MERXBUZYJTGSC7Z,Terrell-Howard,South Carmen
MERXD5NBP1UI3MS,Jordan-Marquez,Sherrymouth
MERXDAC0UWNN7G0,Wade-Madden,Robertview
MERXDOUS77D2BMA,Barton-Lowe,West Robertstad
MERXDVQ4L7U05GT,Gross and Sons,West Luiston
MERXEHQGK8WN1FX,"Hansen, Olson and Phelps",North Katie
MERXF6S0MEHQ05O,Phillips-Weber,Collinsstad
MERXF76N0WBWXUH,Barrett-Williams,New Robertview
MERXFAZP9A864GD,Fields LLC,East Dawn
MERXFB2BIRYUI9U,"Anderson, White and Marquez",Lake Seanmouth
MERXFEYXBEI5FYL,"Mcdonald, Hall and Vasquez",East Debbiehaven
MERXFZ92W1G8VF2,Ellis Ltd,Thorntonstad
MERXGEB5XS2IS74,"Hernandez, Rowe and Young",Brendashire
MERXGFJ7QJO8I48,Thornton-Reed,Lake Kimberly
MERXGG6KHVJJWFV,"Wright, Davenport and Ward",Port Krystalside
MERXGLYPRNQ8VIU,Roberson-Clark,West Elizabethmouth
MERXGVHMJUFZH7W,Terrell-Wiggins,Jameschester
MERXGZHAWWYJDQ6,"Miller, Evans and Wall",Lynchberg
MERXH0IPF8COUSU,Robertson Group,South Thomas
MERXH3S6U0UP2WE,Griffith Ltd,West Dawn
MERXHDP71SMRKMQ,"Wu, Moore and Schultz",West Haley
MERXHFWPV182Z5H,Livingston-Wilcox,New Kevin
MERXHICOMIK6YP9,"Barnes, Skinner and Williams",Lake Michaelview
MERXHIWH9NWR5T3,Garcia-Kennedy,Jacquelineside
MERXHU1EQH3ZE8F,Henderson-Logan,Kinghaven
MERXI8HO6L6LT1E,"Brown, Mercer and Cox",Thomaschester
MERXIL08ODVYV27,Rodriguez-Fuller,North Margarettown
MERXIQ1XG04U9NR,Hancock Group,New Veronica
MERXJ4WU1IWXH6E,"York, Cruz and Chan",New Ryanview
MERXJR2L8W4HCGS,"Norman, Rogers and Miles",Blakechester
MERXK3FWR3DN4M8,"Hampton, Flynn and Kline",South Thomas
MERXK7NRMGTIT2I,Hart-Mcdaniel,Lewisview
MERXK87XJHMESV0,Joseph-Rhodes,Nicholasburgh
MERXKF922FZC0VD,Lee PLC,West Amanda
MERXKM5DJL1ZLUM,"King, Brown and Richards",Smithberg
MERXKRAGU1ERBLH,"Torres, Curry and Bates",New Robinshire
MERXKTCCJLXSQFF,Barnett-King,New Laurieland
MERXL5BY46KLHMY,Collins-Cox,Kendrafort
MERXLG6F57KSFU6,Simmons Inc,East Shane
MERXLHXLWNAUQHH,Ryan-Heath,Smithview
MERXM7DZ967HHAC,"Martin, Bennett and Morales",Langmouth
MERXM7S47NGWEEP,Cruz-Brown,Carrieborough
MERXM80WQCS4S1Z,"Steele, Snyder and Stone",New Susanview
MERXN46ONL52RF8,Cardenas and Sons,New Nicholasborough
MERXNAQ0E1GRYG1,Adams-Brown,Brianport
MERXNPT82BN5TGR,"Hill, Thompson and Huber",East Rose
MERXO7VN8IG8LUC,"Martin, Johnson and Smith",Stewartton
MERXP5S1YCDLUB7,Kennedy and Sons,New Davidhaven
MERXP7832J8TDNT,"Holder, Austin and Johnson",New Laura
MERXP7SQNBAR9A2,"Bender, Lee and Bean",West Mary
MERXPHZH6P68TUU,Valdez Ltd,South Williamland
MERXPSHOQ833EEH,"White, Reid and Thomas",South Stephenfurt
MERXPYKJVSZHZQH,Brown-Chambers,Mckinneyshire
MERXQ1JNJMS65GO,"Thomas, Gamble and Brooks",Port Susanland
MERXQCJBO8QH9B3,Kennedy-Wolfe,Jonesmouth
MERXQKDPPH2V8O7,Evans-Bishop,South Erika
MERXQV9BPLRT1QZ,Roth Group,West Molly
MERXRLT2GJC009F,Palmer-Kim,Edwardsberg
MERXRNFCBGUOMW1,"Hawkins, Lee and Mills",Sarahland
MERXS7QLM3V5O7F,Watkins Group,New Gregoryport
MERXSDRW03N5WE4,Clark-Reed,North Edwardhaven
MERXSYBYZPF38KW,"West, Alexander and Welch",Andersonville
MERXTO0TCDS1E5F,Martin Inc,Elizabethmouth
MERXUBQCAOYGTKZ,"Montes, Garcia and Davis",East Johntown
MERXUCNTML0NL4U,Crosby Ltd,Karenberg
MERXUERL0BAU67I,"Foley, Garza and Thornton",Amyborough
MERXUI0YNOASDXH,Williams-Washington,Gregoryshire
MERXUY7RU3NW1AA,Diaz and Sons,East Jermaineville
MERXVDA18LVSOUR,Boyle-Clark,New Elizabeth
MERXVLYXN5CBP3C,Butler Inc,Joneschester
MERXVZNG3GUHQDO,Morales Group,East Michael
MERXW4VUX390K9N,Rojas Group,Lake Melissaview
MERXW5HG4NR8H4R,Green-Copeland,North Christopher
MERXWBPCWJFTZEC,"Fernandez, Kelly and Wu",East Masonmouth
MERXWIUWJPL1L1R,"Moreno, Cole and Mcmillan",Fergusonberg
MERXWVJE4GB1Y2A,"Weaver, Martinez and Nolan",New Lindsay
MERXX0QXOOANVQ6,"Walker, Martin and Ruiz",West Jessicamouth
MERXXMPUW1R51QR,"Reyes, Walton and Chan",Johnsonfurt
MERXXSUAYE5DCA2,Christian-George,Patricktown
MERXYHB9YRRMRMN,Baldwin-Jones,South Travismouth
MERXYNO4LCDCWKN,Tanner Ltd,New Elizabethtown
MERXYR3Y06C6JOO,Bell-Gomez,Jamesberg
MERXYVWC0A10SD4,Ward PLC,West Robert
MERXYXZIBM4WDYL,"Flores, Dudley and Jarvis",Brownland
MERXYYHYOANGF1S,"Romero, Nelson and Gilbert",North Leslieburgh
MERXZHZ1TME8K6O,Cox-Smith,Wilsonshire
MERXZO8TAJVP6AV,"Cameron, Brady and Underwood",North Sarahstad
MERXZW27CRY6PHT,Ross-Johnson,Jonesfurt
MERY086TSM6OHRJ,Johnston Ltd,New Anthony
MERY0BM4GC8OH04,Roberson-Wiggins,Lake Melissa
MERY15SUEGIHFRN,"Powers, Ramos and Miller",West Barbaramouth
MERY1CD9TT4M5DX,"Cole, Velazquez and Miller",New Wendy
MERY1DP30DSS6KV,Bishop Group,Hullmouth
MERY1IK5XWLB3ZF,"Morgan, Lewis and Jackson",North Kevinhaven
MERY1LXDALS6DEM,"Holden, Kidd and Hernandez",North Briana
MERY1XMHGEVC0PH,Sanders-Clark,Davidfort
MERY1YPS2MMES79,"Crawford, Martinez and Guerrero",West Angela
MERY2C83OJ04QJH,Davis-Campbell,Lake Josephville
MERY2J25MT8JBZ5,Craig PLC,Suttonfurt
MERY2JC7YOTARCK,"Lawrence, Hamilton and Smith",Antoniomouth
MERY34AIE7A9O96,Lang-Spencer,Boothchester
MERY3M9C31BBKON,"Davis, Torres and Brown",Romanhaven
MERY3P6YLE6C8IY,Mccoy and Sons,New Tammy
MERY44X63SMN2Q9,Martin-Wood,Lake Kyleberg
MERY4FIPZTAX4NC,Simpson LLC,Riveraburgh
MERY4MUBF2FTCRZ,Moreno and Sons,Lake Jacobport
MERY5C0XDQO85OY,Martin LLC,New Tanyaborough
MERY5KM9CZQ89YF,"Whitehead, Russell and Wilson",Thompsonberg
MERY5KVG1Q7DM2N,Coleman Group,Jacksonton
MERY5M99WQ4R5RH,"Booker, Miller and Chapman",East Jeremy
MERY644C2SNYFYS,Hernandez Ltd,Audreystad
MERY67F1SWXIJF4,Adams-Frederick,Pamtown
MERY6QNE6LV9YRN,"Jones, Crawford and Diaz",Brooksview
MERY6TAJZWNU0LJ,Elliott Inc,Taylorhaven
MERY7JPAW0Y4O6W,Reyes Ltd,Galvanstad
MERY7RAQZASDQS3,Jones-Abbott,New Crystalmouth
MERY7RZFIAZA21D,Edwards-Johnson,Port Stephanie
MERY7VEWAP45VFB,Kim LLC,Chelseaborough
MERY8KKZ5J6WNFG,Collins LLC,Richardborough
MERY8NEQPOMIHJ2,"Smith, Holloway and Nelson",Tiffanyton
MERY8RM9HVRO8EB,Baker-Everett,Kristenhaven
MERY96UF8N0H9Y2,"Collier, Johnson and Sanchez",Port Mary
MERYA5TEGVEJ2S2,Hensley-Kelley,South Isabel
MERYAUWJMFOE0A5,Lee-Higgins,Port Randystad
MERYAWD5HI45RRF,Barry PLC,Nicoleberg
MERYAYSB8V6PYS2,"Wallace, Owen and Williams",Andrewside
MERYBHNQADJ272H,Luna-Smith,East Darrellshire
MERYBQ8GR503IAF,Christensen LLC,New Kevinborough
MERYC5C86U3GKOU,"Hernandez, Hamilton and Chase",New Christinefurt
MERYCDPF0DUS9U5,"Mata, Smith and Harmon",New Amy
MERYD40B08YNG6J,"White, Jackson and Davis",Breannatown
MERYDFVT9GII62G,Baker PLC,South Aliciaville
MERYDGU3HFEWRGD,Alexander and Sons,Kevinchester
MERYDPH3EMO5SWO,Allen-Diaz,Watkinsstad
MERYEGMI3FJPAOY,"Bowman, Fisher and Adams",West Javier
MERYEL6EXR41ORF,"Preston, Gibson and Evans",New Evanview
MERYEXSFJGBUSZC,"Smith, Rodriguez and Lopez",Port Deborahmouth
MERYF6XH5WK0323,"Stout, Terry and Rowland",West Megan
MERYFAAGOZOYOSQ,Carr-Scott,North Susanfort
MERYFQB4UXNTRJZ,"Collins, Baker and Black",Lake Vanessaburgh
MERYFQG74ALZ2V4,"Jenkins, Jackson and Vargas",Johnsonville
MERYGJL1OHR94EI,Walsh-King,North Alexandra
MERYGL5GLQUUCNT,"Williams, Davis and Bender",Davisbury
MERYGT4WZK9MAH8,Tucker-Mckinney,West Michael
MERYGW6Y1RS27VM,Davila-Thompson,West Kimberlybury
MERYH6OFWZS4NT8,Ochoa PLC,Port Michelleview
MERYHJ2SZLGHR20,"Spencer, Thompson and Hunter",West Paul
MERYHJ5QPXHYMJE,Smith-Carr,East Rebekahland
MERYHT39R9R25H0,Carney-Nichols,Blevinsport
MERYHVN504FDJ8R,Rios and Sons,Brandonshire
MERYHXHM977HEM9,Lewis-Jones,Samuelfort
MERYII7OMTYR88V,Love LLC,Jonathanstad
MERYIIVF4MRGXBA,"Montes, Thomas and Nelson",East Joshuaborough
MERYIWE4RBNEPUU,"Jones, Cooley and Williams",East Brianhaven
MERYJMA7SMJDX2K,"Buchanan, Maddox and Wilson",New Edwardside
MERYJMVTI2SKDIS,"Wolfe, Pierce and Fowler",South Donnahaven
MERYJP7SUQ13K0C,Wells-Jenkins,Davidfurt
MERYJQB05V9PTF3,Farrell-Johnson,West Christopherport
MERYJV8LWIWMANS,Casey and Sons,Lake Karenside
MERYK0AYNCFCROE,Bell LLC,Kimberlyberg
MERYKCUJPWOOYIV,Chase Ltd,East Bethany
MERYKF9L79XSFQ8,Franco LLC,Davidstad
MERYKTPZYW9MKMY,Huynh-Duffy,Port Samuel
MERYL0YWP5PE30U,Schmidt LLC,Robertshaven
MERYL13QNSEBQ7J,Mueller Ltd,Randyside
MERYL1X3CLS1LOZ,"Griffith, Powell and Jackson",New Manuel
MERYL5NHVAV7AYR,"Aguilar, Jackson and Miller",Elizabethtown
MERYL7AXG7S6NUR,Campos Group,Susanview
MERYM1PB4R58NT7,"Gonzalez, Curtis and Reese",Joannabury
MERYM4RQRJ0JXZY,"Marshall, Patton and Daugherty",West Cynthia
MERYM7NWYXTM5IS,Rivera-Jones,New Andrewside
MERYMA74KTG0EC6,Young Inc,West Caleb
MERYMB9CMO4Q9IP,"Greene, Shelton and Evans",Higginsport
MERYND636C1LZ8Z,"Anderson, Dorsey and Phillips",Elliottview
MERYNFNWDKJWQQB,"Edwards, Allen and Ross",Shelbyburgh
MERYNHY9DOTPWPX,"Smith, Hogan and Schmidt",Wilsonmouth
MERYNW8L30CCGN5,Houston Inc,Tinaburgh
MERYNZX36F7PUPP,"Cruz, Hines and Monroe",Jessicaton
MERYO26U3RQOTXQ,Jacobs-Hood,South Daniel
MERYO495GUD24E3,Farmer Group,Youngview
MERYO7T6XUIQ2K7,Daniels-Keller,North Allisonville
MERYOJBGXAXVUV4,Davis-Manning,Kaylaborough
MERYOMAALBUMDFD,Guerra-Stephens,Allenborough
MERYONGZ2JZXZP0,Jones-Daugherty,Port Stacy
MERYOTJDPC28FGB,Allen LLC,Garciaborough
MERYOW9X7DX7YLO,Reyes-Wilson,Watsonfurt
MERYOXEBG8IQJ7D,Quinn LLC,South Benjamin
MERYPI170PGIXDE,"Hawkins, Villa and Lawrence",Rebeccafort
MERYQ5ANEUBACO7,"Brown, Roberts and Castro",Pamelaville
MERYQUPLE092HLO,Griffith and Sons,Sydneybury
MERYR5DNYW9BULR,"Ford, Harmon and Mcdowell",Jacksonside
MERYRDGB2ICIFC4,"Williams, Carter and Thompson",Port Wayne
MERYRLFIVZIF756,Garner Inc,Sandraburgh
MERYRQFOOCR3GDS,Gibson Group,Palmerville
MERYRV0Q8RRSU8V,"Hawkins, Smith and Garcia",Robertland
MERYSHF1VI46CLJ,Johnson-Reynolds,Maciasbury
MERYT0OH2VA3D86,"Barnes, Fuentes and Kirby",North Joshuamouth
MERYT2QPRTEQR1Y,"Robbins, Hoover and Nelson",North Monica
MERYT4BMHQBS7CY,Duran-Martinez,Port Marissa
MERYT7GG861IMZ0,Davis Group,North Todd
MERYTAWY0DX7HDE,"Wood, Schneider and Martinez",New Dominicville
MERYTE2UQYCZJGE,Burgess PLC,West Maria
MERYTKKDWS5EYU8,Hinton LLC,South Dylanberg
MERYTRFTYLLAFTR,"Castillo, Steele and Lee",Lake Deborahbury
MERYULER2SNZSSV,"Flores, Pierce and Miller",Port Benjaminburgh
MERYUMYLJI9MDHZ,"Moore, Cobb and Gibbs",Wangport
MERYUYRJXEHN7DP,"Bailey, Curtis and Tyler",Mullinsfort
MERYUZM33R5KHEO,Davies-Williams,Tannerhaven
MERYVHHCM91P6ZI,Ortega Ltd,Lisamouth
MERYVK22NPKRTM3,Sanchez-Day,Melissaborough
MERYVMUBFOPZ873,Murphy-Martinez,North Donald
MERYVP2BTNOFUFX,"Johnson, Murray and Beck",North Dylan
MERYVTX47WEWIJZ,Harvey Inc,New Cynthia
MERYW046XVXZRNS,"Garcia, Green and Thomas",Port Michaelville
MERYW1AB8HSG7Z2,"Jackson, Jones and Dunn",Stoneberg
MERYWOJJO20PPX1,Wu-Wells,Aliciatown
MERYWOXOC7PRQTA,Harris-Chavez,Daybury
MERYX07GCFHTXJO,"Wu, Williams and Ramos",Mariaside
MERYX11FVNI403E,Parsons LLC,Warrenshire
MERYX59OXA6O67E,Bell LLC,Scottland
MERYX8EQA88A53P,Keller and Sons,Burkebury
MERYXR5V7K13UVM,Carlson-Barnett,Braunchester
MERYY2EMFDIU9II,King-Brown,Port Kevinhaven
MERYY5D7285ZU9X,Williams and Sons,New Joshua
MERYYGDDGK1GJ49,Walker-Ray,East Mallory
MERYYQ7XOIWSQU0,"Barrera, Summers and Macdonald",Port Robertshire
MERYYRSHIR8PHYZ,Wood-Young,East Timothy
MERYYZ6M2YL1JER,Scott Group,South Jennifer
MERYZ5DHHKV29E3,Clark-Tyler,Robertsville
MERYZAKYUG61MV7,Garcia-Blake,South Lonnie
MERYZFTJN09ZAJ6,"Carr, Lewis and Mcdonald",Port Raymond
MERYZNQVFONYYLE,Martin Ltd,Port Douglastown
MERYZOTFEH0H0W9,"Holland, Jackson and Rivera",New David
MERYZQKZCEU5031,Martinez LLC,East Dennis
MERZ0GJV6RLEBLP,"Byrd, King and Romero",Jenniferland
MERZ0O8SUNVBZ6C,Ortiz LLC,Jacksonshire
MERZ0Q381PA4EXW,"Jackson, Hopkins and Garcia",South Keith
MERZ158AJKFMIGY,"Smith, Gutierrez and Gutierrez",Wellshaven
MERZ1B3BPAX93GA,Williams Inc,Ronaldtown
MERZ1C59HVJ33JV,Daniel-Le,Julieport
MERZ1PVPSY0U2Y0,Moreno-Gonzalez,Hardyfort
MERZ1WRGZJS2WFV,"Anderson, Gibson and Bowman",Paulfort
MERZ1XEVHGLMJSQ,Harris-Riddle,Brianville
MERZ24M0W5CNUOS,"Carroll, Glass and Day",Bakerhaven
MERZ27S8Y6TVXQT,Gray-Dalton,North Alan
MERZ2FJIGUHNG80,Tate PLC,New Sherry
MERZ2SPPLVG24T2,"Wilson, Mcknight and Brewer",Robinsonshire
MERZ2V16VNCTU1D,Young-Ramirez,Wilsonborough
MERZ37OZD8CPNMY,Montes-Davis,South Francismouth
MERZ3A3545V0WN7,Nguyen-Hughes,Brandonberg
MERZ3CO0QD779B5,"Hunt, Giles and Rose",Micheletown
MERZ4FPOYZ3YUQ3,Wheeler-Winters,East Wandaport
MERZ4SMT5K6XZ4P,"Crosby, Reyes and Johnson",East Markstad
MERZ52Z83O3II8H,"Turner, Small and Andrade",Lake David
MERZ5F8XUY22AQW,Saunders and Sons,Devinchester
MERZ5QL9P1P5RRE,Flores Ltd,North Dwayne
MERZ63GG7SN85VY,Chen-Hernandez,West Robert
MERZ65X835ZA5DP,Vance Inc,Gregoryview
MERZ6CJTADP9C2V,"Collins, Norris and Nelson",West Ronald
MERZ6NN4CEKT2SY,Anderson Group,Newmanland
MERZ6P1GL9342CA,Hughes LLC,New Anthony
MERZ6TJNA26Z1GW,"Smith, Davis and Phillips",Michaelport
MERZ6YV32Y6S30N,Warren-Wilcox,South Robertshire
MERZ7AK0FEDEPHY,"Stephens, Martin and Watson",West Scott
MERZ7F83XAAN8MD,"Bright, Smith and Bryant",East Carol
MERZ7FCVYQFRHFU,Santiago Ltd,West Jamesstad
MERZ7TS8U3WJ9NW,Gross Group,Smithchester
MERZ8I5B3KDP1U7,"Hanson, Williams and Thomas",Bradyport
MERZ8IVZK5OT3WH,"Schwartz, Miller and Greene",Martinezstad
MERZ8RH8QNUBBM2,"Johns, Hurley and Carroll",Stanleychester
MERZ90BX9RF5HV9,Kelly-Williams,Mariastad
MERZ9M0YDFTPWYV,Morales-Smith,South Johnshire
MERZAENVVEWNYEK,Brown LLC,Laneberg
MERZAGWR3OHVO75,"Wade, Kelly and Wilson",Nelsonland
MERZAHOUCY2OD1H,"Maldonado, Marquez and Rivas",Nicholastown
MERZAQT9QQPKD4U,Padilla-Sullivan,Lake Cory
MERZASUAN6Q95AS,Rivers-Herman,Carneyborough
MERZAYBH4ZBPRSY,Johnson-Smith,South Brittany
MERZB5OKDYOJEQE,"Patton, Stone and Carr",Brownshire
MERZBRV3YXUEUFS,English Ltd,Gomezton
MERZCD10KN2LBQ9,Barnes LLC,Luceroberg
MERZCEHOVQOPH0X,Gonzalez PLC,Martinezmouth
MERZCTDFXYW4HWR,Washington Inc,South Monicamouth
MERZDA9C9532SAE,Rivas-Young,Christensenside
MERZDEOO3CCT3KK,Rojas Group,East Ericborough
MERZDYAQZPM54LX,Davis Ltd,New Matthew
MERZE1UCH24YDPO,"Williams, Ball and Evans",Florestown
MERZF77JU4S6LB6,Campos PLC,Yanghaven
MERZFAQNW9WI9F1,Miller PLC,Lake Timothystad
MERZFB1PZWE6L1N,"Green, Taylor and Boone",New Carolinestad
MERZFEDN25Q25UX,Torres-Floyd,East Bryan
MERZFMMSMRFEKSB,"Williams, Baker and Reed",Gabrielburgh
MERZFV16O59213L,"Sims, Clark and Smith",Taylormouth
MERZFZBHRAEI2ES,Williams-Hensley,Samuelmouth
MERZG2F1KP56C9X,Sawyer and Sons,Edwardton
MERZGAT5PUJBVXT,"Hull, Snyder and Pittman",East Robert
MERZGTUGYYVHZPG,Hoover-Smith,Lake Sean
MERZH1RTHMORX78,Melton PLC,Leechester
MERZH2DT7DASQ6P,"Brooks, Jones and Walker",Port Christinetown
MERZHF5S6U5LT22,"Guerrero, Roman and Hawkins",New Ericbury
MERZHGHW8HKXD7P,Davis Ltd,North Ian
MERZHPBUWH14IP6,James Group,West Teresaborough
MERZHPV5QCPIJ07,"Moss, Gilbert and Gonzalez",Lake Jackie
MERZHPZNNFKBWRD,Savage LLC,Lake Benjamin
MERZHQZ1Z4ZIWFK,Mcdonald and Sons,Murphytown
MERZHUMW5MEKAXW,Brown PLC,Port Whitneytown
MERZHXC67B1WKQQ,Bowman-Wright,East Stacyland
MERZIJBEHI0A21K,Daniel-Small,Turnershire
MERZJ2CRUCVE01C,Yates Inc,Christopherland
MERZJ8MXKQATVQ6,"Castillo, King and Little",Keithfurt
MERZJCZTRABV7GM,Cohen Ltd,Franklinstad
MERZJNI84Z8ZD4R,Mullen Inc,South Kaylamouth
MERZK83BKMR3TP0,Knight-Frazier,Port Michaelside
MERZKBVXU26AOZQ,Lopez-Ellison,Port Juliabury
MERZKPMK4W8D5RH,"Friedman, Myers and Stanton",Port Mark
MERZKTFYBEYQRCR,"Francis, Fuller and Hodges",Chelseafort
MERZMDELCQB6J2G,Mays and Sons,Morrisborough
MERZME6796TSSY6,Smith and Sons,Bennettstad
MERZMLNK8CUWCVS,Roberson and Sons,Port Ronaldhaven
MERZN1AIQ7CX558,"Meadows, Obrien and Russell",West Stevenfort
MERZN51BT64QP7I,Boyd LLC,East Lorimouth
MERZN6H6JKLBSXD,"Flynn, Rodriguez and Jones",West Stephen
MERZN6N32IPZNDG,"Stewart, Steele and Collins",Gallagherland
MERZNCKXKK6GHS3,Roberts Inc,North Williamland
MERZNM3M24YWS88,Wells-Henderson,New Danielle
MERZNNS2X9COPEL,"Roberts, Thompson and Wright",Port Sally
MERZNPNO6FQTFDD,Patel LLC,Stephensontown
MERZO91QATL7HBS,"Morgan, Brown and Dunn",New Jonathanborough
MERZOJSDH2DORBJ,"Henderson, Thomas and Walker",Adamsshire
MERZOL4GXLSFKJC,Quinn-Olson,Port Misty
MERZPFNJQ2NHD89,Clayton-West,Lake Erin
MERZPT4COTA3NV2,"Mueller, Gomez and Ross",Oliverside
MERZQIMW4XGL4OK,"Thompson, Lewis and Anderson",New Cheyenne
MERZQPAIAUAIJOJ,"Brown, Weeks and Williams",West Veronicafurt
MERZR50463QI6QZ,"Fox, French and Shaw",Port Nathanside
MERZRKH663Z885S,Gutierrez-Duke,North Kirsten
MERZRKRM5YAUY4Z,"Ward, Adams and Miller",North Stacyville
MERZRSQJ3BQCVJX,"Ross, Gregory and Salazar",West Rachelhaven
MERZRUJWZS4GD5Y,Willis Inc,Emmaburgh
MERZRWZWCFF9BH8,Garrett and Sons,Thomasshire
MERZS0COGP9BP9P,Chase-Rodriguez,Ryanfort
MERZS0Q2338Q3IP,"Perry, Jackson and Lucas",South Stevenberg
MERZS5GJ4FRXVNM,Garza Inc,East Kevin
MERZSNC6H1AZY4T,Edwards PLC,South Dianeview
MERZSXHJG5B485Y,"Middleton, Fisher and Freeman",Teresaberg
MERZT9VHQ2MADIO,Ellis Inc,North Lisa
MERZT9Y2TW22W4J,Hammond and Sons,Port Jessicaberg
MERZTJII0LUSQRN,Smith Inc,Port Lawrenceland
MERZU5NP5SH9KPZ,House Ltd,New Ronaldville
MERZU676KU9UM2Z,Fletcher PLC,Arthurside
MERZUHFOQQFVDBS,Fernandez Group,Justinburgh
MERZUK43SU77APD,"Curtis, Garcia and Ochoa",Lake Debbie
MERZUKJZY4V7EHS,"Stout, Davis and Dixon",Jayview
MERZUN44FNLF42B,"Olsen, Miller and Wheeler",South Amandaland
MERZUYAQETQ2ITN,Daniel-Nunez,East David
MERZVG5FTNXMYJE,"Williams, Meyer and Quinn",Port Anthonybury
MERZVHF4MPH6KFK,"Oneal, Murphy and Everett",Lake Laura
MERZVIROEUUJONR,Miller-Monroe,West Randall
MERZVJLZ9R01G5V,"Reed, Christensen and Schmitt",Isabellaville
MERZW1INIEMVP89,Gross-Lewis,Cassandrabury
MERZWKEVTVFNNE3,Smith Group,West Heatherstad
MERZWYODHMRQDQU,"Collins, Clark and Foster",Kennedyton
MERZX8AKBTGA8SS,Jackson LLC,Bakermouth
MERZXL7AYCPEDAD,Thomas PLC,Port Derekport
MERZYE8RNU58I2O,Lewis-Johnson,Edwardsland
MERZYES7T4DNPVY,Taylor-Phelps,East Michelleport
MERZYIEKPJOGU1P,"Gonzalez, Montoya and Strong",Lake William
MERZYKJE6GBOHFS,Williams and Sons,South Evan
MERZYTXP5JXODPL,Sherman PLC,Craneborough
MERZZ2PAC1PJ6JS,Pena Inc,South Rachel
MERZZ5ZSJVV9XZB,"Howe, Aguilar and Brown",Wesleyview
MERZZ62MJC0KCM7,Mccarty-Drake,Medinaland
MERZZKEJ6LID6ZZ,Roberson-Doyle,Johnsonmouth
MERZZSN6ZAB242P,"Smith, Bailey and Carter",Lake Kimberg
